Workbook

Sheet Final Incentives CO,LOS and LO
E2: 45
E3: 90
C4: =SUBTOTAL(9,C6:C192) -> 43862 | D4: =SUBTOTAL(9,D6:D211) -> 13895 | E4: =SUBTOTAL(9,E6:E211) -> 7857
A5: Branch | B5: Name | C5: Incentives | D5: Transportation | E5: Bonus
A6: Basra | B6: Ahmed Abdul Hussain Mathkor | C6: 241 | D6: 90 | E6: 0
A7: Basra | B7: Ali Abdul Khaliq Yousif | C7: 299 | D7: 70 | E7: 0
A8: Basra | B8: Ali Abdul Zahra Jasim | C8: 400 | D8: 150 | E8: 0
A9: Basra | B9: ali aziz abdul hafeth | C9: 189 | D9: 70 | E9: 0
A10: Basra | B10: Ali Kadhum Wshah | C10: 0 | D10: 75 | E10: 24
A11: Basra | B11: Eman Yaarub Abdul Jalil | C11: 0 | D11: 80 | E11: 0
A12: Basra | B12: Ahmad Hatrosh Muhammad | C12: 598 | D12: 90 | E12: 0
A13: Basra | B13: Hussain Jawad Kadhum | C13: 0 | D13: 80 | E13: 0
A14: Basra | B14: Hussein Mustafa Abdul Samad | C14: 0 | D14: 80 | E14: 0
A15: Basra | B15: Idrees Hassan Kadhum | C15: 0 | D15: 75 | E15: 22
A16: Basra | B16: Muhammad Hazim Majeed | C16: 150 | D16: 80 | E16: 0
A17: Basra | B17: Muhammad Majeed Ubaid | C17: 0 | D17: 80 | E17: 0
... A142: Dewaniya | B142: Ammar Jawad hasan | C142: 385 | D142: 50 | E142: 0
A143: Wehda | B143: Ezat Shamkhy Jaber | C143: 786 | E143: 0
A144: Wehda | B144: Alaa Kamil Qassim | C144: 633 | D144: 50 | E144: 0
A145: Hindiyah | B145: Mustafa Sabeeh Hadi | C145: 671 | D145: 350 | E145: 0
A146: Basra | B146: Ali Yousif Eesa | C146: 413 | E146: 176
A147: Basra | B147: Jaafar Muneer Haleem | C147: 302 | E147: 1211
A148: Dewaniya | B148: Amer Ahmed AbdulWahid | C148: 508 | E148: 75
A149: Hashimiyah | B149: Hayder Hussein Obayes | C149: 692 | E149: 75
A150: Hilla | B150: Hassanein Kadhum Abid | C150: 395 | E150: 187
A151: Hilla | B151: Muhammad Qahtan Mindeel | C151: 441 | E151: 192
A152: Hindiyah | B152: Yais Khdhir Dikhi | C152: 543 | E152: 75
A153: Karbala | B153: Ali Manji Oufi | C153: 492 | E153: 209
A154: Karbala | B154: Mohammed Abid Al Sada Issa | C154: 686 | E154: 248
A155: Kut | B155: Hassan Razaq Sebah | C155: 478 | E155: 80
A156: Kut | B156: Hayder Talib Hashim | C156: 656 | E156: 83
A157: Mansour | B157: Hussain Taher Fezaa | C157: 689 | E157: 196
... A163: Najaf | B163: Azhar Hassan Hussien | C163: 334 | E163: 163
A164: Nasriya | B164: Adel Abdul Ameer Farhood | C164: 490 | D164: 250 | E164: 544
A165: Nasriya | B165: Ahmed Hadi Muhammed | C165: 552 | E165: 123
A166: Sulymaniya | B166: Azad Kareem Muhammed | C166: 106 | E166: 30
A167: Wehda | B167: Ali Mehdi Dawood | C167: 316 | E167: 156
A168: Wehda | B168: Ali Salman Ali | C168: 635 | E168: 167
A169: Wehda | B169: Mahir Kareem Hussain | C169: 182 | E169: 68
A170: Basra | B170: Sajad Abdul Hussain Abdul Raheem | C170: 0 | D170: 70 | E170: 87
A171: Basra | B171: Muhammad Asaad Abdul Emam | C171: 0 | D171: 70 | E171: 95
A172: Dewaniya | B172: Saif Salam Hashim | C172: 0 | D172: 120 | E172: 35
A173: Erbil | B173: Robak Faaek Ali | C173: 0 | D173: 70 | E173: 0
A174: Hilla | B174: Ali Hassan Muhy | C174: 0 | D174: 120 | E174: 373
A175: Karbala | B175: Muhammed Ali Muhi | C175: 0 | D175: 120 | E175: 0
A176: Kut | B176: Mustafa Salah Mahdi | C176: 0 | D176: 70 | E176: 102
A177: Kut | B177: Muhanned Muhammed Edan | C177: 0 | D177: 70 | E177: 0
A178: Mansour | B178: Kareem Hussain Zakee | C178: 0 | D178: 130 | E178: 0
A179: Najaf | B179: Hussain Rasool Ibrahim | C179: 0 | D179: 0 | E179: 0
A180: Najaf | B180: Saadon Jalawe Natheef | C180: 0 | D180: 120 | E180: 117
A181: Nasriya | B181: Ali Aziz Neama | C181: 0 | D181: 70 | E181: 36
... A193: Mansour | B193: Abdul Jabar Naser Khudair | C193: 0 | D193: 0 | E193: 75

Sheet CO Incentive
E1: Micro | F1: =COUNTIFS(LO!B$7:B$288,$E1) -> 75 | W1: Actual | X1: Target | AB1: Weight | AC1: Points | AD1: 10 | AE1: 0 | AF1: 25 | AG1: 0 | AH1: 15 | AI1: 40 | AJ1: 5 | AK1: 5 | AL1: 0 | AM1: =SUM(AD1:AL1) -> 100 | AN1: BenchMark | AO1: 50 | AP1: Maximum Increase | AQ1: 0
E2: SE | F2: =COUNTIFS(LO!B$7:B$288,$E2) -> 9 | G2: Monthly Target | J2: Monthly Target | M2: Monthly Target | P2: Monthly Target | V2: Micro | W2: =LO!W2 -> 168.26667 | X2: ='LOS Incentive'!V3 -> 250 | Y2: =SUBTOTAL(101,Z$7:Z$51) -> #DIV/0! | AA2: =SUBTOTAL(101,AB$7:AB$51) -> #DIV/0! | AB2: Max Input | AC2: Full Points @ | AD2: 1 | AE2: 1 | AF2: 1 | AG2: 1 | AH2: 0.02 | AI2: 0.05 | AJ2: 1 | AK2: 0.7 | AL2: 0.3 | AM2: =AVERAGE(AM7:AM13) -> #DIV/0! | AP2: Maximum Deducation | AQ2: -400
E3: =SUBTOTAL(109,E$7:E$13) -> 88 | F3: =SUBTOTAL(109,F$7:F$13) -> 54922713 | G3: =SUBTOTAL(109,G$7:G$13) -> 56444444 | I3: =SUBTOTAL(109,I$7:I$13) -> 15068 | J3: =SUBTOTAL(109,J$7:J$13) -> 45823 | L3: =SUBTOTAL(109,L$7:L$13) -> 4087083.3 | M3: =SUBTOTAL(109,M$7:M$13) -> 5909090.7 | O3: =SUBTOTAL(109,O$7:O$13) -> 778 | P3: =SUBTOTAL(109,P$7:P$13) -> 1037 | R3: =SUBTOTAL(109,R$7:R$13) -> 776 | S3: =SUBTOTAL(109,S$7:S$13) -> 403 | U3: =SUBTOTAL(109,U$7:U$13) -> 317 | V3: SE | W3: =LO!W3 -> 76.555556 | X3: ='LOS Incentive'!V4 -> 100 | Y3: =SUBTOTAL(109,Y$7:Y$51) -> 1470247.7 | AA3: =SUBTOTAL(109,AA$7:AA$51) -> 1134051.8 | AB3: Min Input | AC3: Zero Point @ | AD3: 0.7 | AE3: 0.8 | AF3: 0.7 | AG3: 0.5 | AH3: 0.07 | AI3: 0.15 | AJ3: 0.5 | AK3: 0.2 | AL3: 0 | AO3: 0.7 | AP3: =100%-AO3 -> 0.3 | AS3: =AS5 -> #DIV/0!
AC4: If Obove Full
AC5: If Less Than Zero | AN5: =SUBTOTAL(109,AN7:AN313) -> 13688 | AO5: =SUBTOTAL(109,AO7:AO313) -> 9779 | AP5: =SUBTOTAL(109,AP7:AP313) -> 4104 | AQ5: =SUBTOTAL(109,AQ7:AQ313) -> #DIV/0! | AR5: =SUBTOTAL(109,AR7:AR313) -> #DIV/0! | AS5: =SUBTOTAL(109,AS7:AS313) -> #DIV/0! | AT5: =SUBTOTAL(101,AT7:AT313) -> #DIV/0!
A6: Credit Coordinator | D6: Branch | E6: Number of Staff. | F6: Actual Portfolio | G6: Target Portfolio | H6: Actual/Target | I6: Actual Active Clients | J6: Target Active Clients | K6: Actual/Target | L6: Actual Disbursement $ | M6: Tatget Disbursement $ | N6: Actual/Target | O6: Actual Disbursement # | P6: Tatget Disbursement # | Q6: Actual/Target | R6: Disb Clients No. | S6: Disb ReNew No. Clients | T6: Disb Renewal Rate (%) | U6: Disb Female No. Clients | V6: Disb Female Rate (%) | W6: Active Clients | X6: Case Load by LO | Y6: PAR $ 0-30 | Z6: PAR 0-30 | AA6: PAR $ >30 | AB6: PAR >30 | AD6: Portfolio Share | AE6: Active Clients Share | AF6: Disbursement $ Share | AG6: Disbursement # Portion | AH6: PAR 1-30 | AI6: PAR >30 | AJ6: Case Load | AK6: Renewal Rate | AL6: Female Rate | AM6: Total | AN6: Salaries | AO6: Basic | AP6: Net | AQ6: Proposal Incentive | AR6: Proposal Total Salary | AS6: Difference | AT6: New/Old Salary
A7: Khalid Musa Jumaa | D7: Nasriya | E7: =COUNTIFS(LO!E:E,$A7) -> 0 | F7: =SUMIFS(LO!F:F,LO!$E:$E,$A7) -> 0 | G7: =SUMIFS(LO!G:G,LO!$E:$E,$A7) -> 0 | H7: =F7/G7 -> #DIV/0! | I7: =SUMIFS(LO!I:I,LO!$E:$E,$A7) -> 0 | J7: =SUMIFS(LO!J:J,LO!$E:$E,$A7) -> 0 | K7: =I7/J7 -> #DIV/0! | L7: =SUMIFS(LO!L:L,LO!$E:$E,$A7) -> 0 | M7: =SUMIFS(LO!M:M,LO!$E:$E,$A7) -> 0 | N7: =L7/M7 -> #DIV/0! | O7: =SUMIFS(LO!O:O,LO!$E:$E,$A7) -> 0 | P7: =SUMIFS(LO!P:P,LO!$E:$E,$A7) -> 0 | Q7: =O7/P7 -> #DIV/0! | R7: =SUMIFS(LO!R:R,LO!$E:$E,$A7) -> 0 | S7: =SUMIFS(LO!S:S,LO!$E:$E,$A7) -> 0 | T7: =S7/R7 -> #DIV/0! | U7: =SUMIFS(LO!U:U,LO!$E:$E,$A7) -> 0 | V7: =(U7)/R7 -> #DIV/0! | W7: =SUMIFS(LO!W:W,LO!$E:$E,$A7) -> 0 | X7: =AVERAGEIFS(LO!X:X,LO!$E:$E,$A7) -> #DIV/0! | Y7: =SUMIFS(LO!Y:Y,LO!$E:$E,$A7) -> 0 | Z7: =Y7/$F7 -> #DIV/0! | AA7: =SUMIFS(LO!AA:AA,LO!$E:$E,$A7) -> 0 | AB7: =AA7/$F7 -> #DIV/0! | AD7: =MAX(0,MIN(AD$1,AD$1*(H7/(AD$2-AD$3)-(AD$3/(AD$2-AD$3))))) -> #DIV/0! | AE7: =MAX(0,MIN(AE$1,AE$1*(K7/(AE$2-AE$3)-(AE$3/(AE$2-AE$3))))) -> #DIV/0! | AF7: =MAX(0,MIN(AF$1,AF$1*(N7/(AF$2-AF$3)-(AF$3/(AF$2-AF$3))))) -> #DIV/0! | AG7: =MAX(0,MIN(AG$1,AG$1*(Q7/(AG$2-AG$3)-(AG$3/(AG$2-AG$3))))) -> #DIV/0! | AH7: =MIN(AH$1,MAX(0,AH$1-AH$1*(Z7/(AH$3-AH$2)-(AH$2/(AH$3-AH$2))))) -> #DIV/0! | AI7: =MIN(AI$1,MAX(0,AI$1-AI$1*(AB7/(AI$3-AI$2)-(AI$2/(AI$3-AI$2))))) -> #DIV/0! | AJ7: =MAX(0,MIN(AJ$1,AJ$1*(X7/(AJ$2-AJ$3)-(AJ$3/(AJ$2-AJ$3))))) -> #DIV/0! | AK7: =MAX(0,MIN(AK$1,AK$1*(T7/(AK$2-AK$3)-(AK$3/(AK$2-AK$3))))) -> #DIV/0! | AL7: =MAX(0,MIN(AL$1,AL$1*(V7/(AL$2-AL$3)-(AL$3/(AL$2-AL$3))))) -> #DIV/0! | AM7: =ROUND(SUM(AD7:AL7),0) -> #DIV/0! | AN7: 2573 | AO7: =ROUNDUP($AN7*AO$3,0) -> 1802 | AP7: =ROUNDDOWN($AN7*AP$3,0) -> 771 | AQ7: =MIN($AP7+$AQ$1,MAX($AP7+$AQ$2,MAX(0,$AP7/$AO$1*$AM7))) -> #DIV/0! | AR7: =AQ7+AO7 -> #DIV/0! | AS7: =AR7-AN7 -> #DIV/0! | AT7: =AR7/AN7 -> #DIV/0!
A8: Hayder Hashim Mohammed | D8: Dewaniya | E8: =COUNTIFS(LO!E:E,$A8) -> 26 | F8: =SUMIFS(LO!F:F,LO!$E:$E,$A8) -> 16394152 | G8: =SUMIFS(LO!G:G,LO!$E:$E,$A8) -> 10444444 | H8: =F8/G8 -> 1.5696528 | I8: =SUMIFS(LO!I:I,LO!$E:$E,$A8) -> 5818 | J8: =SUMIFS(LO!J:J,LO!$E:$E,$A8) -> 12356 | K8: =I8/J8 -> 0.47086436 | L8: =SUMIFS(LO!L:L,LO!$E:$E,$A8) -> 1394659.1 | M8: =SUMIFS(LO!M:M,LO!$E:$E,$A8) -> 1568181.8 | N8: =L8/M8 -> 0.88934786 | O8: =SUMIFS(LO!O:O,LO!$E:$E,$A8) -> 309 | P8: =SUMIFS(LO!P:P,LO!$E:$E,$A8) -> 362 | Q8: =O8/P8 -> 0.85359116 | R8: =SUMIFS(LO!R:R,LO!$E:$E,$A8) -> 307 | S8: =SUMIFS(LO!S:S,LO!$E:$E,$A8) -> 159 | T8: =S8/R8 -> 0.51791531 | U8: =SUMIFS(LO!U:U,LO!$E:$E,$A8) -> 170 | V8: =(U8)/R8 -> 0.55374593 | W8: =SUMIFS(LO!W:W,LO!$E:$E,$A8) -> 5818 | X8: =AVERAGEIFS(LO!X:X,LO!$E:$E,$A8) -> 0.89507692 | Y8: =SUMIFS(LO!Y:Y,LO!$E:$E,$A8) -> 377933.55 | Z8: =Y8/$F8 -> 0.023052949 | AA8: =SUMIFS(LO!AA:AA,LO!$E:$E,$A8) -> 287523.3 | AB8: =AA8/$F8 -> 0.017538162 | AD8: =MAX(0,MIN(AD$1,AD$1*(H8/(AD$2-AD$3)-(AD$3/(AD$2-AD$3))))) -> 10 | AE8: =MAX(0,MIN(AE$1,AE$1*(K8/(AE$2-AE$3)-(AE$3/(AE$2-AE$3))))) -> 0 | AF8: =MAX(0,MIN(AF$1,AF$1*(N8/(AF$2-AF$3)-(AF$3/(AF$2-AF$3))))) -> 15.778988 | AG8: =MAX(0,MIN(AG$1,AG$1*(Q8/(AG$2-AG$3)-(AG$3/(AG$2-AG$3))))) -> 0 | AH8: =MIN(AH$1,MAX(0,AH$1-AH$1*(Z8/(AH$3-AH$2)-(AH$2/(AH$3-AH$2))))) -> 14.084115 | AI8: =MIN(AI$1,MAX(0,AI$1-AI$1*(AB8/(AI$3-AI$2)-(AI$2/(AI$3-AI$2))))) -> 40 | AJ8: =MAX(0,MIN(AJ$1,AJ$1*(X8/(AJ$2-AJ$3)-(AJ$3/(AJ$2-AJ$3))))) -> 3.9507692 | AK8: =MAX(0,MIN(AK$1,AK$1*(T8/(AK$2-AK$3)-(AK$3/(AK$2-AK$3))))) -> 3.1791531 | AL8: =MAX(0,MIN(AL$1,AL$1*(V8/(AL$2-AL$3)-(AL$3/(AL$2-AL$3))))) -> 0 | AM8: =ROUND(SUM(AD8:AL8),0) -> 87 | AN8: 2141 | AO8: =ROUNDUP($AN8*AO$3,0) -> 1499 | AP8: =ROUNDDOWN($AN8*AP$3,0) -> 642 | AQ8: =MIN($AP8+$AQ$1,MAX($AP8+$AQ$2,MAX(0,$AP8/$AO$1*$AM8))) -> 642 | AR8: =AQ8+AO8 -> 2141 | AS8: =AR8-AN8 -> 0 | AT8: =AR8/AN8 -> 1
A9: Ammar Jawad hasan | D9: Dewaniya | E9: =COUNTIFS(LO!E:E,$A9) -> 10 | F9: =SUMIFS(LO!F:F,LO!$E:$E,$A9) -> 10193927 | G9: =SUMIFS(LO!G:G,LO!$E:$E,$A9) -> 19333333 | H9: =F9/G9 -> 0.52727206 | I9: =SUMIFS(LO!I:I,LO!$E:$E,$A9) -> 952 | J9: =SUMIFS(LO!J:J,LO!$E:$E,$A9) -> 2398 | K9: =I9/J9 -> 0.3969975 | L9: =SUMIFS(LO!L:L,LO!$E:$E,$A9) -> 566136.36 | M9: =SUMIFS(LO!M:M,LO!$E:$E,$A9) -> 909090.91 | N9: =L9/M9 -> 0.62275 | O9: =SUMIFS(LO!O:O,LO!$E:$E,$A9) -> 37 | P9: =SUMIFS(LO!P:P,LO!$E:$E,$A9) -> 42 | Q9: =O9/P9 -> 0.88095238 | R9: =SUMIFS(LO!R:R,LO!$E:$E,$A9) -> 37 | S9: =SUMIFS(LO!S:S,LO!$E:$E,$A9) -> 25 | T9: =S9/R9 -> 0.67567568 | U9: =SUMIFS(LO!U:U,LO!$E:$E,$A9) -> 16 | V9: =(U9)/R9 -> 0.43243243 | W9: =SUMIFS(LO!W:W,LO!$E:$E,$A9) -> 952 | X9: =AVERAGEIFS(LO!X:X,LO!$E:$E,$A9) -> 0.7942 | Y9: =SUMIFS(LO!Y:Y,LO!$E:$E,$A9) -> 251369.85 | Z9: =Y9/$F9 -> 0.024658786 | AA9: =SUMIFS(LO!AA:AA,LO!$E:$E,$A9) -> 292087.46 | AB9: =AA9/$F9 -> 0.028653086 | AD9: =MAX(0,MIN(AD$1,AD$1*(H9/(AD$2-AD$3)-(AD$3/(AD$2-AD$3))))) -> 0 | AE9: =MAX(0,MIN(AE$1,AE$1*(K9/(AE$2-AE$3)-(AE$3/(AE$2-AE$3))))) -> 0 | AF9: =MAX(0,MIN(AF$1,AF$1*(N9/(AF$2-AF$3)-(AF$3/(AF$2-AF$3))))) -> 0 | AG9: =MAX(0,MIN(AG$1,AG$1*(Q9/(AG$2-AG$3)-(AG$3/(AG$2-AG$3))))) -> 0 | AH9: =MIN(AH$1,MAX(0,AH$1-AH$1*(Z9/(AH$3-AH$2)-(AH$2/(AH$3-AH$2))))) -> 13.602364 | AI9: =MIN(AI$1,MAX(0,AI$1-AI$1*(AB9/(AI$3-AI$2)-(AI$2/(AI$3-AI$2))))) -> 40 | AJ9: =MAX(0,MIN(AJ$1,AJ$1*(X9/(AJ$2-AJ$3)-(AJ$3/(AJ$2-AJ$3))))) -> 2.942 | AK9: =MAX(0,MIN(AK$1,AK$1*(T9/(AK$2-AK$3)-(AK$3/(AK$2-AK$3))))) -> 4.7567568 | AL9: =MAX(0,MIN(AL$1,AL$1*(V9/(AL$2-AL$3)-(AL$3/(AL$2-AL$3))))) -> 0 | AM9: =ROUND(SUM(AD9:AL9),0) -> 61 | AN9: 2006 | AO9: =ROUNDUP($AN9*AO$3,0)+195 -> 1600 | AP9: =ROUNDDOWN($AN9*AP$3,0) -> 601 | AQ9: =MIN($AP9+$AQ$1,MAX($AP9+$AQ$2,MAX(0,$AP9/$AO$1*$AM9))) -> 601 | AR9: =AQ9+AO9 -> 2201 | AS9: =AR9-AN9 -> 195 | AT9: =AR9/AN9 -> 1.0972084
A10: Ezat Shamkhy Jaber | D10: Wehda | E10: =COUNTIFS(LO!E:E,$A10) -> 11 | F10: =SUMIFS(LO!F:F,LO!$E:$E,$A10) -> 6431720.3 | G10: =SUMIFS(LO!G:G,LO!$E:$E,$A10) -> 6777777.8 | H10: =F10/G10 -> 0.94894234 | I10: =SUMIFS(LO!I:I,LO!$E:$E,$A10) -> 1618 | J10: =SUMIFS(LO!J:J,LO!$E:$E,$A10) -> 7823 | K10: =I10/J10 -> 0.20682603 | L10: =SUMIFS(LO!L:L,LO!$E:$E,$A10) -> 443333.33 | M10: =SUMIFS(LO!M:M,LO!$E:$E,$A10) -> 784090.87 | N10: =L10/M10 -> 0.56541066 | O10: =SUMIFS(LO!O:O,LO!$E:$E,$A10) -> 75 | P10: =SUMIFS(LO!P:P,LO!$E:$E,$A10) -> 116 | Q10: =O10/P10 -> 0.64655172 | R10: =SUMIFS(LO!R:R,LO!$E:$E,$A10) -> 75 | S10: =SUMIFS(LO!S:S,LO!$E:$E,$A10) -> 42 | T10: =S10/R10 -> 0.56 | U10: =SUMIFS(LO!U:U,LO!$E:$E,$A10) -> 8 | V10: =(U10)/R10 -> 0.10666667 | W10: =SUMIFS(LO!W:W,LO!$E:$E,$A10) -> 1618 | X10: =AVERAGEIFS(LO!X:X,LO!$E:$E,$A10) -> 0.58836364 | Y10: =SUMIFS(LO!Y:Y,LO!$E:$E,$A10) -> 211587.02 | Z10: =Y10/$F10 -> 0.032897422 | AA10: =SUMIFS(LO!AA:AA,LO!$E:$E,$A10) -> 207759.33 | AB10: =AA10/$F10 -> 0.032302296 | AD10: =MAX(0,MIN(AD$1,AD$1*(H10/(AD$2-AD$3)-(AD$3/(AD$2-AD$3))))) -> 8.298078 | AE10: =MAX(0,MIN(AE$1,AE$1*(K10/(AE$2-AE$3)-(AE$3/(AE$2-AE$3))))) -> 0 | AF10: =MAX(0,MIN(AF$1,AF$1*(N10/(AF$2-AF$3)-(AF$3/(AF$2-AF$3))))) -> 0 | AG10: =MAX(0,MIN(AG$1,AG$1*(Q10/(AG$2-AG$3)-(AG$3/(AG$2-AG$3))))) -> 0 | AH10: =MIN(AH$1,MAX(0,AH$1-AH$1*(Z10/(AH$3-AH$2)-(AH$2/(AH$3-AH$2))))) -> 11.130773 | AI10: =MIN(AI$1,MAX(0,AI$1-AI$1*(AB10/(AI$3-AI$2)-(AI$2/(AI$3-AI$2))))) -> 40 | AJ10: =MAX(0,MIN(AJ$1,AJ$1*(X10/(AJ$2-AJ$3)-(AJ$3/(AJ$2-AJ$3))))) -> 0.88363636 | AK10: =MAX(0,MIN(AK$1,AK$1*(T10/(AK$2-AK$3)-(AK$3/(AK$2-AK$3))))) -> 3.6 | AL10: =MAX(0,MIN(AL$1,AL$1*(V10/(AL$2-AL$3)-(AL$3/(AL$2-AL$3))))) -> 0 | AM10: =ROUND(SUM(AD10:AL10),0) -> 64 | AN10: 2620 | AO10: =ROUNDUP($AN10*AO$3,0) -> 1834 | AP10: =ROUNDDOWN($AN10*AP$3,0) -> 786 | AQ10: =MIN($AP10+$AQ$1,MAX($AP10+$AQ$2,MAX(0,$AP10/$AO$1*$AM10))) -> 786 | AR10: =AQ10+AO10 -> 2620 | AS10: =AR10-AN10 -> 0 | AT10: =AR10/AN10 -> 1
A11: Alaa Kamil Qassim | D11: mansour | E11: =COUNTIFS(LO!E:E,$A11) -> 8 | F11: =SUMIFS(LO!F:F,LO!$E:$E,$A11) -> 4541722.7 | G11: =SUMIFS(LO!G:G,LO!$E:$E,$A11) -> 3555555.6 | H11: =F11/G11 -> 1.2773595 | I11: =SUMIFS(LO!I:I,LO!$E:$E,$A11) -> 1351 | J11: =SUMIFS(LO!J:J,LO!$E:$E,$A11) -> 4178 | K11: =I11/J11 -> 0.32336046 | L11: =SUMIFS(LO!L:L,LO!$E:$E,$A11) -> 323484.85 | M11: =SUMIFS(LO!M:M,LO!$E:$E,$A11) -> 499999.98 | N11: =L11/M11 -> 0.64696972 | O11: =SUMIFS(LO!O:O,LO!$E:$E,$A11) -> 63 | P11: =SUMIFS(LO!P:P,LO!$E:$E,$A11) -> 106 | Q11: =O11/P11 -> 0.59433962 | R11: =SUMIFS(LO!R:R,LO!$E:$E,$A11) -> 63 | S11: =SUMIFS(LO!S:S,LO!$E:$E,$A11) -> 37 | T11: =S11/R11 -> 0.58730159 | U11: =SUMIFS(LO!U:U,LO!$E:$E,$A11) -> 9 | V11: =(U11)/R11 -> 0.14285714 | W11: =SUMIFS(LO!W:W,LO!$E:$E,$A11) -> 1351 | X11: =AVERAGEIFS(LO!X:X,LO!$E:$E,$A11) -> 0.6755 | Y11: =SUMIFS(LO!Y:Y,LO!$E:$E,$A11) -> 89083.414 | Z11: =Y11/$F11 -> 0.019614455 | AA11: =SUMIFS(LO!AA:AA,LO!$E:$E,$A11) -> 97034.674 | AB11: =AA11/$F11 -> 0.021365169 | AD11: =MAX(0,MIN(AD$1,AD$1*(H11/(AD$2-AD$3)-(AD$3/(AD$2-AD$3))))) -> 10 | AE11: =MAX(0,MIN(AE$1,AE$1*(K11/(AE$2-AE$3)-(AE$3/(AE$2-AE$3))))) -> 0 | AF11: =MAX(0,MIN(AF$1,AF$1*(N11/(AF$2-AF$3)-(AF$3/(AF$2-AF$3))))) -> 0 | AG11: =MAX(0,MIN(AG$1,AG$1*(Q11/(AG$2-AG$3)-(AG$3/(AG$2-AG$3))))) -> 0 | AH11: =MIN(AH$1,MAX(0,AH$1-AH$1*(Z11/(AH$3-AH$2)-(AH$2/(AH$3-AH$2))))) -> 15 | AI11: =MIN(AI$1,MAX(0,AI$1-AI$1*(AB11/(AI$3-AI$2)-(AI$2/(AI$3-AI$2))))) -> 40 | AJ11: =MAX(0,MIN(AJ$1,AJ$1*(X11/(AJ$2-AJ$3)-(AJ$3/(AJ$2-AJ$3))))) -> 1.755 | AK11: =MAX(0,MIN(AK$1,AK$1*(T11/(AK$2-AK$3)-(AK$3/(AK$2-AK$3))))) -> 3.8730159 | AL11: =MAX(0,MIN(AL$1,AL$1*(V11/(AL$2-AL$3)-(AL$3/(AL$2-AL$3))))) -> 0 | AM11: =ROUND(SUM(AD11:AL11),0) -> 71 | AN11: 2111 | AO11: =ROUNDUP($AN11*AO$3,0) -> 1478 | AP11: =ROUNDDOWN($AN11*AP$3,0) -> 633 | AQ11: =MIN($AP11+$AQ$1,MAX($AP11+$AQ$2,MAX(0,$AP11/$AO$1*$AM11))) -> 633 | AR11: =AQ11+AO11 -> 2111 | AS11: =AR11-AN11 -> 0 | AT11: =AR11/AN11 -> 1
A12: Adel Hatef | E12: =COUNTIFS(LO!E:E,$A12) -> 7 | F12: =SUMIFS(LO!F:F,LO!$E:$E,$A12) -> 5005488.9 | G12: =SUMIFS(LO!G:G,LO!$E:$E,$A12) -> 4111111.1 | H12: =F12/G12 -> 1.2175513 | I12: =SUMIFS(LO!I:I,LO!$E:$E,$A12) -> 1304 | J12: =SUMIFS(LO!J:J,LO!$E:$E,$A12) -> 4756 | K12: =I12/J12 -> 0.27417998 | L12: =SUMIFS(LO!L:L,LO!$E:$E,$A12) -> 188446.97 | M12: =SUMIFS(LO!M:M,LO!$E:$E,$A12) -> 488636.34 | N12: =L12/M12 -> 0.38565893 | O12: =SUMIFS(LO!O:O,LO!$E:$E,$A12) -> 48 | P12: =SUMIFS(LO!P:P,LO!$E:$E,$A12) -> 77 | Q12: =O12/P12 -> 0.62337662 | R12: =SUMIFS(LO!R:R,LO!$E:$E,$A12) -> 48 | S12: =SUMIFS(LO!S:S,LO!$E:$E,$A12) -> 28 | T12: =S12/R12 -> 0.58333333 | U12: =SUMIFS(LO!U:U,LO!$E:$E,$A12) -> 32 | V12: =(U12)/R12 -> 0.66666667 | W12: =SUMIFS(LO!W:W,LO!$E:$E,$A12) -> 1304 | X12: =AVERAGEIFS(LO!X:X,LO!$E:$E,$A12) -> 0.74514286 | Y12: =SUMIFS(LO!Y:Y,LO!$E:$E,$A12) -> 182417.6 | Z12: =Y12/$F12 -> 0.036443513 | AA12: =SUMIFS(LO!AA:AA,LO!$E:$E,$A12) -> 298531.18 | AB12: =AA12/$F12 -> 0.059640763 | AD12: =MAX(0,MIN(AD$1,AD$1*(H12/(AD$2-AD$3)-(AD$3/(AD$2-AD$3))))) -> 10 | AE12: =MAX(0,MIN(AE$1,AE$1*(K12/(AE$2-AE$3)-(AE$3/(AE$2-AE$3))))) -> 0 | AF12: =MAX(0,MIN(AF$1,AF$1*(N12/(AF$2-AF$3)-(AF$3/(AF$2-AF$3))))) -> 0 | AG12: =MAX(0,MIN(AG$1,AG$1*(Q12/(AG$2-AG$3)-(AG$3/(AG$2-AG$3))))) -> 0 | AH12: =MIN(AH$1,MAX(0,AH$1-AH$1*(Z12/(AH$3-AH$2)-(AH$2/(AH$3-AH$2))))) -> 10.066946 | AI12: =MIN(AI$1,MAX(0,AI$1-AI$1*(AB12/(AI$3-AI$2)-(AI$2/(AI$3-AI$2))))) -> 36.143695 | AJ12: =MAX(0,MIN(AJ$1,AJ$1*(X12/(AJ$2-AJ$3)-(AJ$3/(AJ$2-AJ$3))))) -> 2.4514286 | AK12: =MAX(0,MIN(AK$1,AK$1*(T12/(AK$2-AK$3)-(AK$3/(AK$2-AK$3))))) -> 3.8333333 | AL12: =MAX(0,MIN(AL$1,AL$1*(V12/(AL$2-AL$3)-(AL$3/(AL$2-AL$3))))) -> 0 | AM12: =ROUND(SUM(AD12:AL12),0) -> 62 | AN12: 2296 | AO12: =ROUNDUP($AN12*AO$3,0) -> 1608 | AP12: =ROUNDDOWN($AN12*AP$3,0) -> 688 | AQ12: =MIN($AP12+$AQ$1,MAX($AP12+$AQ$2,MAX(0,$AP12/$AO$1*$AM12))) -> 688 | AR12: =AQ12+AO12 -> 2296 | AS12: =AR12-AN12 -> 0 | AT12: =AR12/AN12 -> 1
A13: Mustafa Sabeeh Hadi | D13: Hindiyah | E13: =COUNTIFS(LO!E:E,$A13) -> 33 | F13: =SUMIFS(LO!F:F,LO!$E:$E,$A13) -> 17361192 | G13: =SUMIFS(LO!G:G,LO!$E:$E,$A13) -> 16333333 | H13: =F13/G13 -> 1.0629301 | I13: =SUMIFS(LO!I:I,LO!$E:$E,$A13) -> 5329 | J13: =SUMIFS(LO!J:J,LO!$E:$E,$A13) -> 19068 | K13: =I13/J13 -> 0.27947346 | L13: =SUMIFS(LO!L:L,LO!$E:$E,$A13) -> 1359469.7 | M13: =SUMIFS(LO!M:M,LO!$E:$E,$A13) -> 2147727.2 | N13: =L13/M13 -> 0.63298063 | O13: =SUMIFS(LO!O:O,LO!$E:$E,$A13) -> 294 | P13: =SUMIFS(LO!P:P,LO!$E:$E,$A13) -> 411 | Q13: =O13/P13 -> 0.71532847 | R13: =SUMIFS(LO!R:R,LO!$E:$E,$A13) -> 294 | S13: =SUMIFS(LO!S:S,LO!$E:$E,$A13) -> 140 | T13: =S13/R13 -> 0.47619048 | U13: =SUMIFS(LO!U:U,LO!$E:$E,$A13) -> 114 | V13: =(U13)/R13 -> 0.3877551 | W13: =SUMIFS(LO!W:W,LO!$E:$E,$A13) -> 5329 | X13: =AVERAGEIFS(LO!X:X,LO!$E:$E,$A13) -> 0.64593939 | Y13: =SUMIFS(LO!Y:Y,LO!$E:$E,$A13) -> 540273.82 | Z13: =Y13/$F13 -> 0.031119627 | AA13: =SUMIFS(LO!AA:AA,LO!$E:$E,$A13) -> 249647.02 | AB13: =AA13/$F13 -> 0.014379601 | AD13: =MAX(0,MIN(AD$1,AD$1*(H13/(AD$2-AD$3)-(AD$3/(AD$2-AD$3))))) -> 10 | AE13: =MAX(0,MIN(AE$1,AE$1*(K13/(AE$2-AE$3)-(AE$3/(AE$2-AE$3))))) -> 0 | AF13: =MAX(0,MIN(AF$1,AF$1*(N13/(AF$2-AF$3)-(AF$3/(AF$2-AF$3))))) -> 0 | AG13: =MAX(0,MIN(AG$1,AG$1*(Q13/(AG$2-AG$3)-(AG$3/(AG$2-AG$3))))) -> 0 | AH13: =MIN(AH$1,MAX(0,AH$1-AH$1*(Z13/(AH$3-AH$2)-(AH$2/(AH$3-AH$2))))) -> 11.664112 | AI13: =MIN(AI$1,MAX(0,AI$1-AI$1*(AB13/(AI$3-AI$2)-(AI$2/(AI$3-AI$2))))) -> 40 | AJ13: =MAX(0,MIN(AJ$1,AJ$1*(X13/(AJ$2-AJ$3)-(AJ$3/(AJ$2-AJ$3))))) -> 1.4593939 | AK13: =MAX(0,MIN(AK$1,AK$1*(T13/(AK$2-AK$3)-(AK$3/(AK$2-AK$3))))) -> 2.7619048 | AL13: =MAX(0,MIN(AL$1,AL$1*(V13/(AL$2-AL$3)-(AL$3/(AL$2-AL$3))))) -> 0 | AM13: =ROUND(SUM(AD13:AL13),0) -> 66 | AN13: 2237 | AO13: =ROUNDUP($AN13*AO$3,0) -> 1566 | AP13: =ROUNDDOWN($AN13*AP$3,0) -> 671 | AQ13: =MIN($AP13+$AQ$1,MAX($AP13+$AQ$2,MAX(0,$AP13/$AO$1*$AM13))) -> 671 | AR13: =AQ13+AO13 -> 2237 | AS13: =AR13-AN13 -> 0 | AT13: =AR13/AN13 -> 1

Sheet LOS Incentive
A1: 1 | B1: 2 | C1: 3 | D1: 4 | E1: 5 | F1: 6 | G1: 7 | H1: 8 | I1: 9 | J1: 10 | K1: 11 | L1: 12 | M1: 13 | N1: 14 | O1: 15 | P1: 16 | Q1: 17 | R1: 18 | S1: 19 | T1: 20 | U1: 21 | V1: 22 | W1: 23 | X1: 24 | Y1: 25 | Z1: 26
B2: Micro | C2: =COUNTIFS(LO!B$7:B$288,$B2) -> 75 | E2: =LO!G5 -> 72000000 | H2: 32000 | N2: 2900 | U2: Actual | V2: Target | Z2: Weight | AA2: 0 | AB2: 0 | AC2: 30 | AD2: 0 | AE2: 20 | AF2: 40 | AG2: 0 | AH2: 5 | AI2: 5 | AJ2: =SUM(AC2:AI2) -> 100 | AK2: BenchMark | AL2: 50 | AN2: Maximum Increase | AO2: 300
B3: SE | C3: =COUNTIFS(LO!B$7:B$288,$B3) -> 9 | E3: Monthly Target | H3: Monthly Target | K3: Monthly Target | N3: Monthly Target | T3: Micro | U3: =AVERAGEIFS(LO!$W$7:$W$291,LO!$B$7:$B$291,$T3) -> 168.26667 | V3: 250 | W3: =SUBTOTAL(101,X$6:X$44) -> 0.025603636 | Y3: =SUBTOTAL(101,Z$6:Z$44) -> 0.022986133 | Z3: Max Input | AA3: 1 | AB3: 1 | AC3: 1 | AD3: 1 | AE3: 0.02 | AF3: 0.05 | AG3: 1 | AH3: 0.7 | AI3: 0.3 | AJ3: =AVERAGE(AJ6:AJ27) -> 74.181818 | AN3: Maximum Deducation | AO3: -400
C4: =SUBTOTAL(109,C$6:C$44) -> 120 | D4: =SUBTOTAL(109,D$6:D$44) -> 73211825 | E4: =SUBTOTAL(109,E$6:E$44) -> 72000000 | G4: =SUBTOTAL(109,G$6:G$44) -> 20184 | H4: =SUBTOTAL(109,H$6:H$44) -> 64002 | J4: =SUBTOTAL(109,J$6:J$44) -> 5604166.7 | K4: =SUBTOTAL(109,K6:K28) -> 7977272.4 | M4: =SUBTOTAL(109,M$6:M$44) -> 1094 | N4: =SUBTOTAL(109,N$6:N$44) -> 1440 | P4: =SUBTOTAL(109,P$6:P$44) -> 1092 | Q4: =SUBTOTAL(109,Q$6:Q$44) -> 556 | S4: =SUBTOTAL(109,S$6:S$44) -> 474 | T4: SE | U4: =AVERAGEIFS(LO!$W$7:$W$291,LO!$B$7:$B$291,$T4) -> 76.555556 | V4: 100 | W4: =SUBTOTAL(109,W$6:W$44) -> 1954070.2 | Y4: =SUBTOTAL(109,Y$6:Y$44) -> 1641872.7 | Z4: Min Input | AA4: 0.7 | AB4: 0.8 | AC4: 0.7 | AD4: 0.8 | AE4: 0.07 | AF4: 0.15 | AG4: 0.5 | AH4: 0.2 | AI4: 0 | AK4: =AK29 -> 36164 | AL4: 0.6 | AM4: 0.2 | AN4: =100%-AL4-AM4 -> 0.2 | AQ4: =AQ29 -> 3373.74
A5: Loan Officer Supervisor | B5: Branch | C5: Number of Staff. | D5: Actual Portfolio | E5: Target Portfolio | F5: Actual/Target | G5: Actual Active Clients | H5: Target Active Clients | I5: Actual/Target | J5: Actual Disbursement $ | K5: Tatget Disbursement $ | L5: Actual/Target | M5: Actual Disbursement # | N5: Tatget Disbursement # | O5: Actual/Target | P5: Disb Clients No. | Q5: Disb ReNew No. Clients | R5: Disb Renewal Rate (%) | S5: Disb Female No. Clients | T5: Disb Female Rate (%) | U5: Active Clients | V5: Case Load by LO | W5: PAR $ 0-30 | X5: PAR 0-30 | Y5: PAR $ >30 | Z5: PAR >30 | AA5: Portfolio Share | AB5: Active Clients Share | AC5: Disbursement $ Share | AD5: Disbursement # Portion | AE5: PAR 1-30 | AF5: PAR >30 | AG5: Case Load | AH5: Renewal Rate | AI5: Female Rate | AJ5: Total | AK5: Salaries | AL5: Contract | AM5: Fix | AN5: Net | AO5: Proposal Incentive | AP5: Proposal Total Salary | AQ5: Difference | AR5: New/Old Salary
A6: Ali Kadhum Wshah | B6: =VLOOKUP($A6,MainData!$C:$E,2,FALSE) -> Basra | C6: =COUNTIFS(LO!C:C,$A6) -> 5 | D6: =SUMIFS(LO!F:F,LO!$C:$C,$A6) -> 3853073.8 | E6: =SUMIFS(LO!G:G,LO!$C:$C,$A6) -> 4777777.8 | F6: =D6/E6 -> 0.8064573 | G6: =SUMIFS(LO!I:I,LO!$C:$C,$A6) -> 834 | H6: =SUMIFS(LO!J:J,LO!$C:$C,$A6) -> 3289 | I6: =G6/H6 -> 0.25357251 | J6: =SUMIFS(LO!L:L,LO!$C:$C,$A6) -> 286742.42 | K6: =SUMIFS(LO!M:M,LO!$C:$C,$A6) -> 390151.5 | L6: =J6/K6 -> 0.73495148 | M6: =SUMIFS(LO!O:O,LO!$C:$C,$A6) -> 51 | N6: =SUMIFS(LO!P:P,LO!$C:$C,$A6) -> 42 | O6: =M6/N6 -> 1.2142857 | P6: =SUMIFS(LO!R:R,LO!$C:$C,$A6) -> 51 | Q6: =SUMIFS(LO!S:S,LO!$C:$C,$A6) -> 24 | R6: =IFERROR(Q6/P6,0) -> 0.47058824 | S6: =SUMIFS(LO!U:U,LO!$C:$C,$A6) -> 22 | T6: =IFERROR((S6)/P6,0) -> 0.43137255 | U6: =SUMIFS(LO!W:W,LO!$C:$C,$A6) -> 834 | V6: =AVERAGEIFS(LO!X:X,LO!$C:$C,$A6) -> 0.7224 | W6: =SUMIFS(LO!Y:Y,LO!$C:$C,$A6) -> 84724.716 | X6: =W6/$D6 -> 0.021988864 | Y6: =SUMIFS(LO!AA:AA,LO!$C:$C,$A6) -> 171180.19 | Z6: =Y6/$D6 -> 0.044426918 | AC6: =MAX(0,MIN(AC$2,AC$2*(L6/(AC$3-AC$4)-(AC$4/(AC$3-AC$4))))) -> 3.4951485 | AD6: =MAX(0,MIN(AD$2,AD$2*(O6/(AD$3-AD$4)-(AD$4/(AD$3-AD$4))))) -> 0 | AE6: =MIN(AE$2,MAX(0,AE$2-AE$2*(X6/(AE$4-AE$3)-(AE$3/(AE$4-AE$3))))) -> 19.204454 | AF6: =MIN(AF$2,MAX(0,AF$2-AF$2*(Z6/(AF$4-AF$3)-(AF$3/(AF$4-AF$3))))) -> 40 | AG6: =MAX(0,MIN(AG$2,AG$2*(V6/(AG$3-AG$4)-(AG$4/(AG$3-AG$4))))) -> 0 | AH6: =MAX(0,MIN(AH$2,AH$2*(R6/(AH$3-AH$4)-(AH$4/(AH$3-AH$4))))) -> 2.7058824 | AI6: =MAX(0,MIN(AI$2,AI$2*(T6/(AI$3-AI$4)-(AI$4/(AI$3-AI$4))))) -> 5 | AJ6: =ROUND(SUM(AC6:AI6),0) -> 70 | AK6: 1040 | AL6: =ROUNDUP($AK6*AL$4,0) -> 624 | AM6: =ROUNDDOWN($AK6*AM$4,0) -> 208 | AN6: =ROUNDDOWN($AK6*AN$4,0) -> 208 | AO6: =MIN($AN6+$AO$2,MAX($AN6+$AO$3,MAX(0,$AN6/$AL$2*$AJ6))) -> 291.2 | AP6: =AO6+AL6+AM6 -> 1123.2 | AQ6: =AP6-AK6 -> 83.2 | AR6: =AP6/AK6 -> 1.08
A7: Dhea Ghani Mohammad | B7: =VLOOKUP($A7,MainData!$C:$E,2,FALSE) -> Hashimiyah | C7: =COUNTIFS(LO!C:C,$A7) -> 4 | D7: =SUMIFS(LO!F:F,LO!$C:$C,$A7) -> 2812111 | E7: =SUMIFS(LO!G:G,LO!$C:$C,$A7) -> 1333333.3 | F7: =D7/E7 -> 2.1090832 | G7: =SUMIFS(LO!I:I,LO!$C:$C,$A7) -> 943 | H7: =SUMIFS(LO!J:J,LO!$C:$C,$A7) -> 1600 | I7: =G7/H7 -> 0.589375 | J7: =SUMIFS(LO!L:L,LO!$C:$C,$A7) -> 245454.55 | K7: =SUMIFS(LO!M:M,LO!$C:$C,$A7) -> 227272.72 | L7: =J7/K7 -> 1.08 | M7: =SUMIFS(LO!O:O,LO!$C:$C,$A7) -> 53 | N7: =SUMIFS(LO!P:P,LO!$C:$C,$A7) -> 60 | O7: =M7/N7 -> 0.88333333 | P7: =SUMIFS(LO!R:R,LO!$C:$C,$A7) -> 53 | Q7: =SUMIFS(LO!S:S,LO!$C:$C,$A7) -> 25 | R7: =IFERROR(Q7/P7,0) -> 0.47169811 | S7: =SUMIFS(LO!U:U,LO!$C:$C,$A7) -> 21 | T7: =IFERROR((S7)/P7,0) -> 0.39622642 | U7: =SUMIFS(LO!W:W,LO!$C:$C,$A7) -> 943 | V7: =AVERAGEIFS(LO!X:X,LO!$C:$C,$A7) -> 0.943 | W7: =SUMIFS(LO!Y:Y,LO!$C:$C,$A7) -> 23790.535 | X7: =W7/$D7 -> 0.0084600272 | Y7: =SUMIFS(LO!AA:AA,LO!$C:$C,$A7) -> 19164.651 | Z7: =Y7/$D7 -> 0.0068150409 | AC7: =MAX(0,MIN(AC$2,AC$2*(L7/(AC$3-AC$4)-(AC$4/(AC$3-AC$4))))) -> 30 | AD7: =MAX(0,MIN(AD$2,AD$2*(O7/(AD$3-AD$4)-(AD$4/(AD$3-AD$4))))) -> 0 | AE7: =MIN(AE$2,MAX(0,AE$2-AE$2*(X7/(AE$4-AE$3)-(AE$3/(AE$4-AE$3))))) -> 20 | AF7: =MIN(AF$2,MAX(0,AF$2-AF$2*(Z7/(AF$4-AF$3)-(AF$3/(AF$4-AF$3))))) -> 40 | AG7: =MAX(0,MIN(AG$2,AG$2*(V7/(AG$3-AG$4)-(AG$4/(AG$3-AG$4))))) -> 0 | AH7: =MAX(0,MIN(AH$2,AH$2*(R7/(AH$3-AH$4)-(AH$4/(AH$3-AH$4))))) -> 2.7169811 | AI7: =MAX(0,MIN(AI$2,AI$2*(T7/(AI$3-AI$4)-(AI$4/(AI$3-AI$4))))) -> 5 | AJ7: =ROUND(SUM(AC7:AI7),0) -> 98 | AK7: 1411 | AL7: =ROUNDUP($AK7*AL$4,0) -> 847 | AM7: =ROUNDDOWN($AK7*AM$4,0) -> 282 | AN7: =ROUNDDOWN($AK7*AN$4,0) -> 282 | AO7: =MIN($AN7+$AO$2,MAX($AN7+$AO$3,MAX(0,$AN7/$AL$2*$AJ7))) -> 552.72 | AP7: =AO7+AL7+AM7 -> 1681.72 | AQ7: =AP7-AK7 -> 270.72 | AR7: =AP7/AK7 -> 1.1918639
A8: Amer Ahmed AbdulWahid | B8: =VLOOKUP($A8,MainData!$C:$E,2,FALSE) -> Dewaniya | C8: =COUNTIFS(LO!C:C,$A8) -> 5 | D8: =SUMIFS(LO!F:F,LO!$C:$C,$A8) -> 3242751.5 | E8: =SUMIFS(LO!G:G,LO!$C:$C,$A8) -> 2555555.6 | F8: =D8/E8 -> 1.2689027 | G8: =SUMIFS(LO!I:I,LO!$C:$C,$A8) -> 794 | H8: =SUMIFS(LO!J:J,LO!$C:$C,$A8) -> 2978 | I8: =G8/H8 -> 0.26662189 | J8: =SUMIFS(LO!L:L,LO!$C:$C,$A8) -> 320227.27 | K8: =SUMIFS(LO!M:M,LO!$C:$C,$A8) -> 329545.44 | L8: =J8/K8 -> 0.97172418 | M8: =SUMIFS(LO!O:O,LO!$C:$C,$A8) -> 59 | N8: =SUMIFS(LO!P:P,LO!$C:$C,$A8) -> 61 | O8: =M8/N8 -> 0.96721311 | P8: =SUMIFS(LO!R:R,LO!$C:$C,$A8) -> 57 | Q8: =SUMIFS(LO!S:S,LO!$C:$C,$A8) -> 37 | R8: =IFERROR(Q8/P8,0) -> 0.64912281 | S8: =SUMIFS(LO!U:U,LO!$C:$C,$A8) -> 20 | T8: =IFERROR((S8)/P8,0) -> 0.35087719 | U8: =SUMIFS(LO!W:W,LO!$C:$C,$A8) -> 794 | V8: =AVERAGEIFS(LO!X:X,LO!$C:$C,$A8) -> 0.6352 | W8: =SUMIFS(LO!Y:Y,LO!$C:$C,$A8) -> 100170.17 | X8: =W8/$D8 -> 0.030890486 | Y8: =SUMIFS(LO!AA:AA,LO!$C:$C,$A8) -> 78300.407 | Z8: =Y8/$D8 -> 0.024146287 | AC8: =MAX(0,MIN(AC$2,AC$2*(L8/(AC$3-AC$4)-(AC$4/(AC$3-AC$4))))) -> 27.172418 | AD8: =MAX(0,MIN(AD$2,AD$2*(O8/(AD$3-AD$4)-(AD$4/(AD$3-AD$4))))) -> 0 | AE8: =MIN(AE$2,MAX(0,AE$2-AE$2*(X8/(AE$4-AE$3)-(AE$3/(AE$4-AE$3))))) -> 15.643806 | AF8: =MIN(AF$2,MAX(0,AF$2-AF$2*(Z8/(AF$4-AF$3)-(AF$3/(AF$4-AF$3))))) -> 40 | AG8: =MAX(0,MIN(AG$2,AG$2*(V8/(AG$3-AG$4)-(AG$4/(AG$3-AG$4))))) -> 0 | AH8: =MAX(0,MIN(AH$2,AH$2*(R8/(AH$3-AH$4)-(AH$4/(AH$3-AH$4))))) -> 4.4912281 | AI8: =MAX(0,MIN(AI$2,AI$2*(T8/(AI$3-AI$4)-(AI$4/(AI$3-AI$4))))) -> 5 | AJ8: =ROUND(SUM(AC8:AI8),0) -> 92 | AK8: 1411 | AL8: =ROUNDUP($AK8*AL$4,0) -> 847 | AM8: =ROUNDDOWN($AK8*AM$4,0) -> 282 | AN8: =ROUNDDOWN($AK8*AN$4,0) -> 282 | AO8: =MIN($AN8+$AO$2,MAX($AN8+$AO$3,MAX(0,$AN8/$AL$2*$AJ8))) -> 518.88 | AP8: =AO8+AL8+AM8 -> 1647.88 | AQ8: =AP8-AK8 -> 236.88 | AR8: =AP8/AK8 -> 1.1678809
A9: Hayder Hussein Obayes | B9: =VLOOKUP($A9,MainData!$C:$E,2,FALSE) -> Hashimiyah | C9: =COUNTIFS(LO!C:C,$A9) -> 4 | D9: =SUMIFS(LO!F:F,LO!$C:$C,$A9) -> 2445334.1 | E9: =SUMIFS(LO!G:G,LO!$C:$C,$A9) -> 3111111.1 | F9: =D9/E9 -> 0.78600026 | G9: =SUMIFS(LO!I:I,LO!$C:$C,$A9) -> 636 | H9: =SUMIFS(LO!J:J,LO!$C:$C,$A9) -> 1422 | I9: =G9/H9 -> 0.44725738 | J9: =SUMIFS(LO!L:L,LO!$C:$C,$A9) -> 263560.61 | K9: =SUMIFS(LO!M:M,LO!$C:$C,$A9) -> 265151.51 | L9: =J9/K9 -> 0.99400002 | M9: =SUMIFS(LO!O:O,LO!$C:$C,$A9) -> 48 | N9: =SUMIFS(LO!P:P,LO!$C:$C,$A9) -> 48 | O9: =M9/N9 -> 1 | P9: =SUMIFS(LO!R:R,LO!$C:$C,$A9) -> 48 | Q9: =SUMIFS(LO!S:S,LO!$C:$C,$A9) -> 27 | R9: =IFERROR(Q9/P9,0) -> 0.5625 | S9: =SUMIFS(LO!U:U,LO!$C:$C,$A9) -> 24 | T9: =IFERROR((S9)/P9,0) -> 0.5 | U9: =SUMIFS(LO!W:W,LO!$C:$C,$A9) -> 636 | V9: =AVERAGEIFS(LO!X:X,LO!$C:$C,$A9) -> 0.7605 | W9: =SUMIFS(LO!Y:Y,LO!$C:$C,$A9) -> 14831.416 | X9: =W9/$D9 -> 0.0060651898 | Y9: =SUMIFS(LO!AA:AA,LO!$C:$C,$A9) -> 8242.8173 | Z9: =Y9/$D9 -> 0.0033708347 | AC9: =MAX(0,MIN(AC$2,AC$2*(L9/(AC$3-AC$4)-(AC$4/(AC$3-AC$4))))) -> 29.400002 | AD9: =MAX(0,MIN(AD$2,AD$2*(O9/(AD$3-AD$4)-(AD$4/(AD$3-AD$4))))) -> 0 | AE9: =MIN(AE$2,MAX(0,AE$2-AE$2*(X9/(AE$4-AE$3)-(AE$3/(AE$4-AE$3))))) -> 20 | AF9: =MIN(AF$2,MAX(0,AF$2-AF$2*(Z9/(AF$4-AF$3)-(AF$3/(AF$4-AF$3))))) -> 40 | AG9: =MAX(0,MIN(AG$2,AG$2*(V9/(AG$3-AG$4)-(AG$4/(AG$3-AG$4))))) -> 0 | AH9: =MAX(0,MIN(AH$2,AH$2*(R9/(AH$3-AH$4)-(AH$4/(AH$3-AH$4))))) -> 3.625 | AI9: =MAX(0,MIN(AI$2,AI$2*(T9/(AI$3-AI$4)-(AI$4/(AI$3-AI$4))))) -> 5 | AJ9: =ROUND(SUM(AC9:AI9),0) -> 98 | AK9: 1962 | AL9: =ROUNDUP($AK9*AL$4,0) -> 1178 | AM9: =ROUNDDOWN($AK9*AM$4,0) -> 392 | AN9: =ROUNDDOWN($AK9*AN$4,0) -> 392 | AO9: =MIN($AN9+$AO$2,MAX($AN9+$AO$3,MAX(0,$AN9/$AL$2*$AJ9))) -> 692 | AP9: =AO9+AL9+AM9 -> 2262 | AQ9: =AP9-AK9 -> 300 | AR9: =AP9/AK9 -> 1.1529052
A10: Hasanain Kadhum Abed | B10: =VLOOKUP($A10,MainData!$C:$E,2,FALSE) -> Hilla | C10: =COUNTIFS(LO!C:C,$A10) -> 10 | D10: =SUMIFS(LO!F:F,LO!$C:$C,$A10) -> 4612674.4 | E10: =SUMIFS(LO!G:G,LO!$C:$C,$A10) -> 6444444.4 | F10: =D10/E10 -> 0.71575981 | G10: =SUMIFS(LO!I:I,LO!$C:$C,$A10) -> 945 | H10: =SUMIFS(LO!J:J,LO!$C:$C,$A10) -> 5289 | I10: =G10/H10 -> 0.17867272 | J10: =SUMIFS(LO!L:L,LO!$C:$C,$A10) -> 292575.76 | K10: =SUMIFS(LO!M:M,LO!$C:$C,$A10) -> 674242.4 | L10: =J10/K10 -> 0.4339326 | M10: =SUMIFS(LO!O:O,LO!$C:$C,$A10) -> 52 | N10: =SUMIFS(LO!P:P,LO!$C:$C,$A10) -> 117 | O10: =M10/N10 -> 0.44444444 | P10: =SUMIFS(LO!R:R,LO!$C:$C,$A10) -> 52 | Q10: =SUMIFS(LO!S:S,LO!$C:$C,$A10) -> 22 | R10: =IFERROR(Q10/P10,0) -> 0.42307692 | S10: =SUMIFS(LO!U:U,LO!$C:$C,$A10) -> 17 | T10: =IFERROR((S10)/P10,0) -> 0.32692308 | U10: =SUMIFS(LO!W:W,LO!$C:$C,$A10) -> 945 | V10: =AVERAGEIFS(LO!X:X,LO!$C:$C,$A10) -> 0.4218 | W10: =SUMIFS(LO!Y:Y,LO!$C:$C,$A10) -> 104435.96 | X10: =W10/$D10 -> 0.022641086 | Y10: =SUMIFS(LO!AA:AA,LO!$C:$C,$A10) -> 148572.2 | Z10: =Y10/$D10 -> 0.032209557 | AC10: =MAX(0,MIN(AC$2,AC$2*(L10/(AC$3-AC$4)-(AC$4/(AC$3-AC$4))))) -> 0 | AD10: =MAX(0,MIN(AD$2,AD$2*(O10/(AD$3-AD$4)-(AD$4/(AD$3-AD$4))))) -> 0 | AE10: =MIN(AE$2,MAX(0,AE$2-AE$2*(X10/(AE$4-AE$3)-(AE$3/(AE$4-AE$3))))) -> 18.943566 | AF10: =MIN(AF$2,MAX(0,AF$2-AF$2*(Z10/(AF$4-AF$3)-(AF$3/(AF$4-AF$3))))) -> 40 | AG10: =MAX(0,MIN(AG$2,AG$2*(V10/(AG$3-AG$4)-(AG$4/(AG$3-AG$4))))) -> 0 | AH10: =MAX(0,MIN(AH$2,AH$2*(R10/(AH$3-AH$4)-(AH$4/(AH$3-AH$4))))) -> 2.2307692 | AI10: =MAX(0,MIN(AI$2,AI$2*(T10/(AI$3-AI$4)-(AI$4/(AI$3-AI$4))))) -> 5 | AJ10: =ROUND(SUM(AC10:AI10),0) -> 66 | AK10: 1623 | AL10: =ROUNDUP($AK10*AL$4,0) -> 974 | AM10: =ROUNDDOWN($AK10*AM$4,0) -> 324 | AN10: =ROUNDDOWN($AK10*AN$4,0) -> 324 | AO10: =MIN($AN10+$AO$2,MAX($AN10+$AO$3,MAX(0,$AN10/$AL$2*$AJ10))) -> 427.68 | AP10: =AO10+AL10+AM10 -> 1725.68 | AQ10: =AP10-AK10 -> 102.68 | AR10: =AP10/AK10 -> 1.0632656
A11: Muhammad Qahtan Mindeel | B11: =VLOOKUP($A11,MainData!$C:$E,2,FALSE) -> Hilla | C11: =COUNTIFS(LO!C:C,$A11) -> 9 | D11: =SUMIFS(LO!F:F,LO!$C:$C,$A11) -> 4684525.5 | E11: =SUMIFS(LO!G:G,LO!$C:$C,$A11) -> 4777777.8 | F11: =D11/E11 -> 0.98048207 | G11: =SUMIFS(LO!I:I,LO!$C:$C,$A11) -> 1269 | H11: =SUMIFS(LO!J:J,LO!$C:$C,$A11) -> 5556 | I11: =G11/H11 -> 0.22840173 | J11: =SUMIFS(LO!L:L,LO!$C:$C,$A11) -> 283636.36 | K11: =SUMIFS(LO!M:M,LO!$C:$C,$A11) -> 602272.7 | L11: =J11/K11 -> 0.47094342 | M11: =SUMIFS(LO!O:O,LO!$C:$C,$A11) -> 60 | N11: =SUMIFS(LO!P:P,LO!$C:$C,$A11) -> 107 | O11: =M11/N11 -> 0.56074766 | P11: =SUMIFS(LO!R:R,LO!$C:$C,$A11) -> 60 | Q11: =SUMIFS(LO!S:S,LO!$C:$C,$A11) -> 24 | R11: =IFERROR(Q11/P11,0) -> 0.4 | S11: =SUMIFS(LO!U:U,LO!$C:$C,$A11) -> 29 | T11: =IFERROR((S11)/P11,0) -> 0.48333333 | U11: =SUMIFS(LO!W:W,LO!$C:$C,$A11) -> 1269 | V11: =AVERAGEIFS(LO!X:X,LO!$C:$C,$A11) -> 0.564 | W11: =SUMIFS(LO!Y:Y,LO!$C:$C,$A11) -> 87511.929 | X11: =W11/$D11 -> 0.018681066 | Y11: =SUMIFS(LO!AA:AA,LO!$C:$C,$A11) -> 99803.87 | Z11: =Y11/$D11 -> 0.021305012 | AC11: =MAX(0,MIN(AC$2,AC$2*(L11/(AC$3-AC$4)-(AC$4/(AC$3-AC$4))))) -> 0 | AD11: =MAX(0,MIN(AD$2,AD$2*(O11/(AD$3-AD$4)-(AD$4/(AD$3-AD$4))))) -> 0 | AE11: =MIN(AE$2,MAX(0,AE$2-AE$2*(X11/(AE$4-AE$3)-(AE$3/(AE$4-AE$3))))) -> 20 | AF11: =MIN(AF$2,MAX(0,AF$2-AF$2*(Z11/(AF$4-AF$3)-(AF$3/(AF$4-AF$3))))) -> 40 | AG11: =MAX(0,MIN(AG$2,AG$2*(V11/(AG$3-AG$4)-(AG$4/(AG$3-AG$4))))) -> 0 | AH11: =MAX(0,MIN(AH$2,AH$2*(R11/(AH$3-AH$4)-(AH$4/(AH$3-AH$4))))) -> 2 | AI11: =MAX(0,MIN(AI$2,AI$2*(T11/(AI$3-AI$4)-(AI$4/(AI$3-AI$4))))) -> 5 | AJ11: =ROUND(SUM(AC11:AI11),0) -> 67 | AK11: 1621 | AL11: =ROUNDUP($AK11*AL$4,0) -> 973 | AM11: =ROUNDDOWN($AK11*AM$4,0) -> 324 | AN11: =ROUNDDOWN($AK11*AN$4,0) -> 324 | AO11: =MIN($AN11+$AO$2,MAX($AN11+$AO$3,MAX(0,$AN11/$AL$2*$AJ11))) -> 434.16 | AP11: =AO11+AL11+AM11 -> 1731.16 | AQ11: =AP11-AK11 -> 110.16 | AR11: =AP11/AK11 -> 1.0679581
A12: Yais Khdhir Dikhi | B12: =VLOOKUP($A12,MainData!$C:$E,2,FALSE) -> Hindiyah | C12: =COUNTIFS(LO!C:C,$A12) -> 5 | D12: =SUMIFS(LO!F:F,LO!$C:$C,$A12) -> 3037659.1 | E12: =SUMIFS(LO!G:G,LO!$C:$C,$A12) -> 1666666.7 | F12: =D12/E12 -> 1.8225955 | G12: =SUMIFS(LO!I:I,LO!$C:$C,$A12) -> 1133 | H12: =SUMIFS(LO!J:J,LO!$C:$C,$A12) -> 2000 | I12: =G12/H12 -> 0.5665 | J12: =SUMIFS(LO!L:L,LO!$C:$C,$A12) -> 283333.33 | K12: =SUMIFS(LO!M:M,LO!$C:$C,$A12) -> 284090.9 | L12: =J12/K12 -> 0.99733337 | M12: =SUMIFS(LO!O:O,LO!$C:$C,$A12) -> 74 | N12: =SUMIFS(LO!P:P,LO!$C:$C,$A12) -> 75 | O12: =M12/N12 -> 0.98666667 | P12: =SUMIFS(LO!R:R,LO!$C:$C,$A12) -> 74 | Q12: =SUMIFS(LO!S:S,LO!$C:$C,$A12) -> 38 | R12: =IFERROR(Q12/P12,0) -> 0.51351351 | S12: =SUMIFS(LO!U:U,LO!$C:$C,$A12) -> 31 | T12: =IFERROR((S12)/P12,0) -> 0.41891892 | U12: =SUMIFS(LO!W:W,LO!$C:$C,$A12) -> 1133 | V12: =AVERAGEIFS(LO!X:X,LO!$C:$C,$A12) -> 0.9064 | W12: =SUMIFS(LO!Y:Y,LO!$C:$C,$A12) -> 1345.6194 | X12: =W12/$D12 -> 0.00044297906 | Y12: =SUMIFS(LO!AA:AA,LO!$C:$C,$A12) -> 0 | Z12: =Y12/$D12 -> 0 | AC12: =MAX(0,MIN(AC$2,AC$2*(L12/(AC$3-AC$4)-(AC$4/(AC$3-AC$4))))) -> 29.733337 | AD12: =MAX(0,MIN(AD$2,AD$2*(O12/(AD$3-AD$4)-(AD$4/(AD$3-AD$4))))) -> 0 | AE12: =MIN(AE$2,MAX(0,AE$2-AE$2*(X12/(AE$4-AE$3)-(AE$3/(AE$4-AE$3))))) -> 20 | AF12: =MIN(AF$2,MAX(0,AF$2-AF$2*(Z12/(AF$4-AF$3)-(AF$3/(AF$4-AF$3))))) -> 40 | AG12: =MAX(0,MIN(AG$2,AG$2*(V12/(AG$3-AG$4)-(AG$4/(AG$3-AG$4))))) -> 0 | AH12: =MAX(0,MIN(AH$2,AH$2*(R12/(AH$3-AH$4)-(AH$4/(AH$3-AH$4))))) -> 3.1351351 | AI12: =MAX(0,MIN(AI$2,AI$2*(T12/(AI$3-AI$4)-(AI$4/(AI$3-AI$4))))) -> 5 | AJ12: =ROUND(SUM(AC12:AI12),0) -> 98 | AK12: 1387 | AL12: =ROUNDUP($AK12*AL$4,0) -> 833 | AM12: =ROUNDDOWN($AK12*AM$4,0) -> 277 | AN12: =ROUNDDOWN($AK12*AN$4,0) -> 277 | AO12: =MIN($AN12+$AO$2,MAX($AN12+$AO$3,MAX(0,$AN12/$AL$2*$AJ12))) -> 542.92 | AP12: =AO12+AL12+AM12 -> 1652.92 | AQ12: =AP12-AK12 -> 265.92 | AR12: =AP12/AK12 -> 1.1917231
A13: Ali Manji Oafi | B13: =VLOOKUP($A13,MainData!$C:$E,2,FALSE) -> Karbala | C13: =COUNTIFS(LO!C:C,$A13) -> 5 | D13: =SUMIFS(LO!F:F,LO!$C:$C,$A13) -> 3508593 | E13: =SUMIFS(LO!G:G,LO!$C:$C,$A13) -> 3000000 | F13: =D13/E13 -> 1.169531 | G13: =SUMIFS(LO!I:I,LO!$C:$C,$A13) -> 1056 | H13: =SUMIFS(LO!J:J,LO!$C:$C,$A13) -> 3467 | I13: =G13/H13 -> 0.3045861 | J13: =SUMIFS(LO!L:L,LO!$C:$C,$A13) -> 318181.82 | K13: =SUMIFS(LO!M:M,LO!$C:$C,$A13) -> 352272.71 | L13: =J13/K13 -> 0.90322585 | M13: =SUMIFS(LO!O:O,LO!$C:$C,$A13) -> 65 | N13: =SUMIFS(LO!P:P,LO!$C:$C,$A13) -> 54 | O13: =M13/N13 -> 1.2037037 | P13: =SUMIFS(LO!R:R,LO!$C:$C,$A13) -> 65 | Q13: =SUMIFS(LO!S:S,LO!$C:$C,$A13) -> 34 | R13: =IFERROR(Q13/P13,0) -> 0.52307692 | S13: =SUMIFS(LO!U:U,LO!$C:$C,$A13) -> 24 | T13: =IFERROR((S13)/P13,0) -> 0.36923077 | U13: =SUMIFS(LO!W:W,LO!$C:$C,$A13) -> 1056 | V13: =AVERAGEIFS(LO!X:X,LO!$C:$C,$A13) -> 0.8448 | W13: =SUMIFS(LO!Y:Y,LO!$C:$C,$A13) -> 271387.09 | X13: =W13/$D13 -> 0.077349267 | Y13: =SUMIFS(LO!AA:AA,LO!$C:$C,$A13) -> 49472.218 | Z13: =Y13/$D13 -> 0.014100301 | AC13: =MAX(0,MIN(AC$2,AC$2*(L13/(AC$3-AC$4)-(AC$4/(AC$3-AC$4))))) -> 20.322585 | AD13: =MAX(0,MIN(AD$2,AD$2*(O13/(AD$3-AD$4)-(AD$4/(AD$3-AD$4))))) -> 0 | AE13: =MIN(AE$2,MAX(0,AE$2-AE$2*(X13/(AE$4-AE$3)-(AE$3/(AE$4-AE$3))))) -> 0 | AF13: =MIN(AF$2,MAX(0,AF$2-AF$2*(Z13/(AF$4-AF$3)-(AF$3/(AF$4-AF$3))))) -> 40 | AG13: =MAX(0,MIN(AG$2,AG$2*(V13/(AG$3-AG$4)-(AG$4/(AG$3-AG$4))))) -> 0 | AH13: =MAX(0,MIN(AH$2,AH$2*(R13/(AH$3-AH$4)-(AH$4/(AH$3-AH$4))))) -> 3.2307692 | AI13: =MAX(0,MIN(AI$2,AI$2*(T13/(AI$3-AI$4)-(AI$4/(AI$3-AI$4))))) -> 5 | AJ13: =ROUND(SUM(AC13:AI13),0) -> 69 | AK13: 1621 | AL13: =ROUNDUP($AK13*AL$4,0) -> 973 | AM13: =ROUNDDOWN($AK13*AM$4,0) -> 324 | AN13: =ROUNDDOWN($AK13*AN$4,0) -> 324 | AO13: =MIN($AN13+$AO$2,MAX($AN13+$AO$3,MAX(0,$AN13/$AL$2*$AJ13))) -> 447.12 | AP13: =AO13+AL13+AM13 -> 1744.12 | AQ13: =AP13-AK13 -> 123.12 | AR13: =AP13/AK13 -> 1.0759531
A14: Muhammed abdul sadaa esa | B14: =VLOOKUP($A14,MainData!$C:$E,2,FALSE) -> Karbala | C14: =COUNTIFS(LO!C:C,$A14) -> 6 | D14: =SUMIFS(LO!F:F,LO!$C:$C,$A14) -> 4219731 | E14: =SUMIFS(LO!G:G,LO!$C:$C,$A14) -> 4666666.7 | F14: =D14/E14 -> 0.90422807 | G14: =SUMIFS(LO!I:I,LO!$C:$C,$A14) -> 1069 | H14: =SUMIFS(LO!J:J,LO!$C:$C,$A14) -> 3200 | I14: =G14/H14 -> 0.3340625 | J14: =SUMIFS(LO!L:L,LO!$C:$C,$A14) -> 291212.12 | K14: =SUMIFS(LO!M:M,LO!$C:$C,$A14) -> 424242.41 | L14: =J14/K14 -> 0.68642859 | M14: =SUMIFS(LO!O:O,LO!$C:$C,$A14) -> 46 | N14: =SUMIFS(LO!P:P,LO!$C:$C,$A14) -> 64 | O14: =M14/N14 -> 0.71875 | P14: =SUMIFS(LO!R:R,LO!$C:$C,$A14) -> 46 | Q14: =SUMIFS(LO!S:S,LO!$C:$C,$A14) -> 25 | R14: =IFERROR(Q14/P14,0) -> 0.54347826 | S14: =SUMIFS(LO!U:U,LO!$C:$C,$A14) -> 13 | T14: =IFERROR((S14)/P14,0) -> 0.2826087 | U14: =SUMIFS(LO!W:W,LO!$C:$C,$A14) -> 1069 | V14: =AVERAGEIFS(LO!X:X,LO!$C:$C,$A14) -> 0.78266667 | W14: =SUMIFS(LO!Y:Y,LO!$C:$C,$A14) -> 130783.55 | X14: =W14/$D14 -> 0.030993338 | Y14: =SUMIFS(LO!AA:AA,LO!$C:$C,$A14) -> 43781.934 | Z14: =Y14/$D14 -> 0.010375527 | AC14: =MAX(0,MIN(AC$2,AC$2*(L14/(AC$3-AC$4)-(AC$4/(AC$3-AC$4))))) -> 0 | AD14: =MAX(0,MIN(AD$2,AD$2*(O14/(AD$3-AD$4)-(AD$4/(AD$3-AD$4))))) -> 0 | AE14: =MIN(AE$2,MAX(0,AE$2-AE$2*(X14/(AE$4-AE$3)-(AE$3/(AE$4-AE$3))))) -> 15.602665 | AF14: =MIN(AF$2,MAX(0,AF$2-AF$2*(Z14/(AF$4-AF$3)-(AF$3/(AF$4-AF$3))))) -> 40 | AG14: =MAX(0,MIN(AG$2,AG$2*(V14/(AG$3-AG$4)-(AG$4/(AG$3-AG$4))))) -> 0 | AH14: =MAX(0,MIN(AH$2,AH$2*(R14/(AH$3-AH$4)-(AH$4/(AH$3-AH$4))))) -> 3.4347826 | AI14: =MAX(0,MIN(AI$2,AI$2*(T14/(AI$3-AI$4)-(AI$4/(AI$3-AI$4))))) -> 4.7101449 | AJ14: =ROUND(SUM(AC14:AI14),0) -> 64 | AK14: 1974 | AL14: =ROUNDUP($AK14*AL$4,0) -> 1185 | AM14: =ROUNDDOWN($AK14*AM$4,0) -> 394 | AN14: =ROUNDDOWN($AK14*AN$4,0) -> 394 | AO14: =MIN($AN14+$AO$2,MAX($AN14+$AO$3,MAX(0,$AN14/$AL$2*$AJ14))) -> 504.32 | AP14: =AO14+AL14+AM14 -> 2083.32 | AQ14: =AP14-AK14 -> 109.32 | AR14: =AP14/AK14 -> 1.0553799
A15: Ali Kareem Hadhil | B15: =VLOOKUP($A15,MainData!$C:$E,2,FALSE) -> Kut | C15: =COUNTIFS(LO!C:C,$A15) -> 5 | D15: =SUMIFS(LO!F:F,LO!$C:$C,$A15) -> 2450390.9 | E15: =SUMIFS(LO!G:G,LO!$C:$C,$A15) -> 2111111.1 | F15: =D15/E15 -> 1.1607115 | G15: =SUMIFS(LO!I:I,LO!$C:$C,$A15) -> 1148 | H15: =SUMIFS(LO!J:J,LO!$C:$C,$A15) -> 2489 | I15: =G15/H15 -> 0.46122941 | J15: =SUMIFS(LO!L:L,LO!$C:$C,$A15) -> 175000 | K15: =SUMIFS(LO!M:M,LO!$C:$C,$A15) -> 306818.17 | L15: =J15/K15 -> 0.57037039 | M15: =SUMIFS(LO!O:O,LO!$C:$C,$A15) -> 52 | N15: =SUMIFS(LO!P:P,LO!$C:$C,$A15) -> 68 | O15: =M15/N15 -> 0.76470588 | P15: =SUMIFS(LO!R:R,LO!$C:$C,$A15) -> 52 | Q15: =SUMIFS(LO!S:S,LO!$C:$C,$A15) -> 23 | R15: =IFERROR(Q15/P15,0) -> 0.44230769 | S15: =SUMIFS(LO!U:U,LO!$C:$C,$A15) -> 36 | T15: =IFERROR((S15)/P15,0) -> 0.69230769 | U15: =SUMIFS(LO!W:W,LO!$C:$C,$A15) -> 1148 | V15: =AVERAGEIFS(LO!X:X,LO!$C:$C,$A15) -> 0.9184 | W15: =SUMIFS(LO!Y:Y,LO!$C:$C,$A15) -> 80971.209 | X15: =W15/$D15 -> 0.0330442 | Y15: =SUMIFS(LO!AA:AA,LO!$C:$C,$A15) -> 38531.561 | Z15: =Y15/$D15 -> 0.015724659 | AC15: =MAX(0,MIN(AC$2,AC$2*(L15/(AC$3-AC$4)-(AC$4/(AC$3-AC$4))))) -> 0 | AD15: =MAX(0,MIN(AD$2,AD$2*(O15/(AD$3-AD$4)-(AD$4/(AD$3-AD$4))))) -> 0 | AE15: =MIN(AE$2,MAX(0,AE$2-AE$2*(X15/(AE$4-AE$3)-(AE$3/(AE$4-AE$3))))) -> 14.78232 | AF15: =MIN(AF$2,MAX(0,AF$2-AF$2*(Z15/(AF$4-AF$3)-(AF$3/(AF$4-AF$3))))) -> 40 | AG15: =MAX(0,MIN(AG$2,AG$2*(V15/(AG$3-AG$4)-(AG$4/(AG$3-AG$4))))) -> 0 | AH15: =MAX(0,MIN(AH$2,AH$2*(R15/(AH$3-AH$4)-(AH$4/(AH$3-AH$4))))) -> 2.4230769 | AI15: =MAX(0,MIN(AI$2,AI$2*(T15/(AI$3-AI$4)-(AI$4/(AI$3-AI$4))))) -> 5 | AJ15: =ROUND(SUM(AC15:AI15),0) -> 62 | AK15: 1170 | AL15: =ROUNDUP($AK15*AL$4,0) -> 702 | AM15: =ROUNDDOWN($AK15*AM$4,0) -> 234 | AN15: =ROUNDDOWN($AK15*AN$4,0) -> 234 | AO15: =MIN($AN15+$AO$2,MAX($AN15+$AO$3,MAX(0,$AN15/$AL$2*$AJ15))) -> 290.16 | AP15: =AO15+AL15+AM15 -> 1226.16 | AQ15: =AP15-AK15 -> 56.16 | AR15: =AP15/AK15 -> 1.048
A16: Hassan Razaq Sebah | B16: =VLOOKUP($A16,MainData!$C:$E,2,FALSE) -> Kut | C16: =COUNTIFS(LO!C:C,$A16) -> 6 | D16: =SUMIFS(LO!F:F,LO!$C:$C,$A16) -> 3582559.6 | E16: =SUMIFS(LO!G:G,LO!$C:$C,$A16) -> 2000000 | F16: =D16/E16 -> 1.7912798 | G16: =SUMIFS(LO!I:I,LO!$C:$C,$A16) -> 1512 | H16: =SUMIFS(LO!J:J,LO!$C:$C,$A16) -> 2400 | I16: =G16/H16 -> 0.63 | J16: =SUMIFS(LO!L:L,LO!$C:$C,$A16) -> 310871.21 | K16: =SUMIFS(LO!M:M,LO!$C:$C,$A16) -> 340909.08 | L16: =J16/K16 -> 0.91188892 | M16: =SUMIFS(LO!O:O,LO!$C:$C,$A16) -> 82 | N16: =SUMIFS(LO!P:P,LO!$C:$C,$A16) -> 90 | O16: =M16/N16 -> 0.91111111 | P16: =SUMIFS(LO!R:R,LO!$C:$C,$A16) -> 82 | Q16: =SUMIFS(LO!S:S,LO!$C:$C,$A16) -> 35 | R16: =IFERROR(Q16/P16,0) -> 0.42682927 | S16: =SUMIFS(LO!U:U,LO!$C:$C,$A16) -> 61 | T16: =IFERROR((S16)/P16,0) -> 0.74390244 | U16: =SUMIFS(LO!W:W,LO!$C:$C,$A16) -> 1512 | V16: =AVERAGEIFS(LO!X:X,LO!$C:$C,$A16) -> 1.008 | W16: =SUMIFS(LO!Y:Y,LO!$C:$C,$A16) -> 36758.753 | X16: =W16/$D16 -> 0.010260472 | Y16: =SUMIFS(LO!AA:AA,LO!$C:$C,$A16) -> 36223.365 | Z16: =Y16/$D16 -> 0.010111029 | AC16: =MAX(0,MIN(AC$2,AC$2*(L16/(AC$3-AC$4)-(AC$4/(AC$3-AC$4))))) -> 21.188892 | AD16: =MAX(0,MIN(AD$2,AD$2*(O16/(AD$3-AD$4)-(AD$4/(AD$3-AD$4))))) -> 0 | AE16: =MIN(AE$2,MAX(0,AE$2-AE$2*(X16/(AE$4-AE$3)-(AE$3/(AE$4-AE$3))))) -> 20 | AF16: =MIN(AF$2,MAX(0,AF$2-AF$2*(Z16/(AF$4-AF$3)-(AF$3/(AF$4-AF$3))))) -> 40 | AG16: =MAX(0,MIN(AG$2,AG$2*(V16/(AG$3-AG$4)-(AG$4/(AG$3-AG$4))))) -> 0 | AH16: =MAX(0,MIN(AH$2,AH$2*(R16/(AH$3-AH$4)-(AH$4/(AH$3-AH$4))))) -> 2.2682927 | AI16: =MAX(0,MIN(AI$2,AI$2*(T16/(AI$3-AI$4)-(AI$4/(AI$3-AI$4))))) -> 5 | AJ16: =ROUND(SUM(AC16:AI16),0) -> 88 | AK16: 1442 | AL16: =ROUNDUP($AK16*AL$4,0) -> 866 | AM16: =ROUNDDOWN($AK16*AM$4,0) -> 288 | AN16: =ROUNDDOWN($AK16*AN$4,0) -> 288 | AO16: =MIN($AN16+$AO$2,MAX($AN16+$AO$3,MAX(0,$AN16/$AL$2*$AJ16))) -> 506.88 | AP16: =AO16+AL16+AM16 -> 1660.88 | AQ16: =AP16-AK16 -> 218.88 | AR16: =AP16/AK16 -> 1.1517892
A17: Hussain Taher Fezaa | B17: =VLOOKUP($A17,MainData!$C:$E,2,FALSE) -> Mansour | C17: =COUNTIFS(LO!C:C,$A17) -> 5 | D17: =SUMIFS(LO!F:F,LO!$C:$C,$A17) -> 3431252.8 | E17: =SUMIFS(LO!G:G,LO!$C:$C,$A17) -> 3888888.9 | F17: =D17/E17 -> 0.88232214 | G17: =SUMIFS(LO!I:I,LO!$C:$C,$A17) -> 766 | H17: =SUMIFS(LO!J:J,LO!$C:$C,$A17) -> 2311 | I17: =G17/H17 -> 0.33145824 | J17: =SUMIFS(LO!L:L,LO!$C:$C,$A17) -> 282196.97 | K17: =SUMIFS(LO!M:M,LO!$C:$C,$A17) -> 344696.96 | L17: =J17/K17 -> 0.81868134 | M17: =SUMIFS(LO!O:O,LO!$C:$C,$A17) -> 32 | N17: =SUMIFS(LO!P:P,LO!$C:$C,$A17) -> 56 | O17: =M17/N17 -> 0.57142857 | P17: =SUMIFS(LO!R:R,LO!$C:$C,$A17) -> 32 | Q17: =SUMIFS(LO!S:S,LO!$C:$C,$A17) -> 20 | R17: =IFERROR(Q17/P17,0) -> 0.625 | S17: =SUMIFS(LO!U:U,LO!$C:$C,$A17) -> 7 | T17: =IFERROR((S17)/P17,0) -> 0.21875 | U17: =SUMIFS(LO!W:W,LO!$C:$C,$A17) -> 766 | V17: =AVERAGEIFS(LO!X:X,LO!$C:$C,$A17) -> 0.6956 | W17: =SUMIFS(LO!Y:Y,LO!$C:$C,$A17) -> 31489.46 | X17: =W17/$D17 -> 0.0091772486 | Y17: =SUMIFS(LO!AA:AA,LO!$C:$C,$A17) -> 70965.276 | Z17: =Y17/$D17 -> 0.020682031 | AC17: =MAX(0,MIN(AC$2,AC$2*(L17/(AC$3-AC$4)-(AC$4/(AC$3-AC$4))))) -> 11.868134 | AD17: =MAX(0,MIN(AD$2,AD$2*(O17/(AD$3-AD$4)-(AD$4/(AD$3-AD$4))))) -> 0 | AE17: =MIN(AE$2,MAX(0,AE$2-AE$2*(X17/(AE$4-AE$3)-(AE$3/(AE$4-AE$3))))) -> 20 | AF17: =MIN(AF$2,MAX(0,AF$2-AF$2*(Z17/(AF$4-AF$3)-(AF$3/(AF$4-AF$3))))) -> 40 | AG17: =MAX(0,MIN(AG$2,AG$2*(V17/(AG$3-AG$4)-(AG$4/(AG$3-AG$4))))) -> 0 | AH17: =MAX(0,MIN(AH$2,AH$2*(R17/(AH$3-AH$4)-(AH$4/(AH$3-AH$4))))) -> 4.25 | AI17: =MAX(0,MIN(AI$2,AI$2*(T17/(AI$3-AI$4)-(AI$4/(AI$3-AI$4))))) -> 3.6458333 | AJ17: =ROUND(SUM(AC17:AI17),0) -> 80 | AK17: 1947 | AL17: =ROUNDUP($AK17*AL$4,0) -> 1169 | AM17: =ROUNDDOWN($AK17*AM$4,0) -> 389 | AN17: =ROUNDDOWN($AK17*AN$4,0) -> 389 | AO17: =MIN($AN17+$AO$2,MAX($AN17+$AO$3,MAX(0,$AN17/$AL$2*$AJ17))) -> 622.4 | AP17: =AO17+AL17+AM17 -> 2180.4 | AQ17: =AP17-AK17 -> 233.4 | AR17: =AP17/AK17 -> 1.1198767
A18: Mohamad Morshid Kadhum | B18: =VLOOKUP($A18,MainData!$C:$E,2,FALSE) -> Mansour | C18: =COUNTIFS(LO!C:C,$A18) -> 5 | D18: =SUMIFS(LO!F:F,LO!$C:$C,$A18) -> 2966019.8 | E18: =SUMIFS(LO!G:G,LO!$C:$C,$A18) -> 3888888.9 | F18: =D18/E18 -> 0.76269081 | G18: =SUMIFS(LO!I:I,LO!$C:$C,$A18) -> 705 | H18: =SUMIFS(LO!J:J,LO!$C:$C,$A18) -> 2311 | I18: =G18/H18 -> 0.30506274 | J18: =SUMIFS(LO!L:L,LO!$C:$C,$A18) -> 175757.58 | K18: =SUMIFS(LO!M:M,LO!$C:$C,$A18) -> 344696.96 | L18: =J18/K18 -> 0.50989012 | M18: =SUMIFS(LO!O:O,LO!$C:$C,$A18) -> 36 | N18: =SUMIFS(LO!P:P,LO!$C:$C,$A18) -> 56 | O18: =M18/N18 -> 0.64285714 | P18: =SUMIFS(LO!R:R,LO!$C:$C,$A18) -> 36 | Q18: =SUMIFS(LO!S:S,LO!$C:$C,$A18) -> 22 | R18: =IFERROR(Q18/P18,0) -> 0.61111111 | S18: =SUMIFS(LO!U:U,LO!$C:$C,$A18) -> 3 | T18: =IFERROR((S18)/P18,0) -> 0.083333333 | U18: =SUMIFS(LO!W:W,LO!$C:$C,$A18) -> 705 | V18: =AVERAGEIFS(LO!X:X,LO!$C:$C,$A18) -> 0.6252 | W18: =SUMIFS(LO!Y:Y,LO!$C:$C,$A18) -> 80254.053 | X18: =W18/$D18 -> 0.027057828 | Y18: =SUMIFS(LO!AA:AA,LO!$C:$C,$A18) -> 60541.596 | Z18: =Y18/$D18 -> 0.02041173 | AC18: =MAX(0,MIN(AC$2,AC$2*(L18/(AC$3-AC$4)-(AC$4/(AC$3-AC$4))))) -> 0 | AD18: =MAX(0,MIN(AD$2,AD$2*(O18/(AD$3-AD$4)-(AD$4/(AD$3-AD$4))))) -> 0 | AE18: =MIN(AE$2,MAX(0,AE$2-AE$2*(X18/(AE$4-AE$3)-(AE$3/(AE$4-AE$3))))) -> 17.176869 | AF18: =MIN(AF$2,MAX(0,AF$2-AF$2*(Z18/(AF$4-AF$3)-(AF$3/(AF$4-AF$3))))) -> 40 | AG18: =MAX(0,MIN(AG$2,AG$2*(V18/(AG$3-AG$4)-(AG$4/(AG$3-AG$4))))) -> 0 | AH18: =MAX(0,MIN(AH$2,AH$2*(R18/(AH$3-AH$4)-(AH$4/(AH$3-AH$4))))) -> 4.1111111 | AI18: =MAX(0,MIN(AI$2,AI$2*(T18/(AI$3-AI$4)-(AI$4/(AI$3-AI$4))))) -> 1.3888889 | AJ18: =ROUND(SUM(AC18:AI18),0) -> 63 | AK18: 1964 | AL18: =ROUNDUP($AK18*AL$4,0) -> 1179 | AM18: =ROUNDDOWN($AK18*AM$4,0) -> 392 | AN18: =ROUNDDOWN($AK18*AN$4,0) -> 392 | AO18: =MIN($AN18+$AO$2,MAX($AN18+$AO$3,MAX(0,$AN18/$AL$2*$AJ18))) -> 493.92 | AP18: =AO18+AL18+AM18 -> 2064.92 | AQ18: =AP18-AK18 -> 100.92 | AR18: =AP18/AK18 -> 1.0513849
A19: Methaq Abdul Amir Jasim | B19: Mudaina | C19: =COUNTIFS(LO!C:C,$A19) -> 6 | D19: =SUMIFS(LO!F:F,LO!$C:$C,$A19) -> 3419744.8 | E19: =SUMIFS(LO!G:G,LO!$C:$C,$A19) -> 2000000 | F19: =D19/E19 -> 1.7098724 | G19: =SUMIFS(LO!I:I,LO!$C:$C,$A19) -> 1080 | H19: =SUMIFS(LO!J:J,LO!$C:$C,$A19) -> 2400 | I19: =G19/H19 -> 0.45 | J19: =SUMIFS(LO!L:L,LO!$C:$C,$A19) -> 293787.88 | K19: =SUMIFS(LO!M:M,LO!$C:$C,$A19) -> 340909.08 | L19: =J19/K19 -> 0.86177781 | M19: =SUMIFS(LO!O:O,LO!$C:$C,$A19) -> 61 | N19: =SUMIFS(LO!P:P,LO!$C:$C,$A19) -> 90 | O19: =M19/N19 -> 0.67777778 | P19: =SUMIFS(LO!R:R,LO!$C:$C,$A19) -> 61 | Q19: =SUMIFS(LO!S:S,LO!$C:$C,$A19) -> 36 | R19: =IFERROR(Q19/P19,0) -> 0.59016393 | S19: =SUMIFS(LO!U:U,LO!$C:$C,$A19) -> 22 | T19: =IFERROR((S19)/P19,0) -> 0.36065574 | U19: =SUMIFS(LO!W:W,LO!$C:$C,$A19) -> 1080 | V19: =AVERAGEIFS(LO!X:X,LO!$C:$C,$A19) -> 0.72 | W19: =SUMIFS(LO!Y:Y,LO!$C:$C,$A19) -> 5135.5224 | X19: =W19/$D19 -> 0.0015017268 | Y19: =SUMIFS(LO!AA:AA,LO!$C:$C,$A19) -> 74988.577 | Z19: =Y19/$D19 -> 0.021928121 | AC19: =MAX(0,MIN(AC$2,AC$2*(L19/(AC$3-AC$4)-(AC$4/(AC$3-AC$4))))) -> 16.177781 | AD19: =MAX(0,MIN(AD$2,AD$2*(O19/(AD$3-AD$4)-(AD$4/(AD$3-AD$4))))) -> 0 | AE19: =MIN(AE$2,MAX(0,AE$2-AE$2*(X19/(AE$4-AE$3)-(AE$3/(AE$4-AE$3))))) -> 20 | AF19: =MIN(AF$2,MAX(0,AF$2-AF$2*(Z19/(AF$4-AF$3)-(AF$3/(AF$4-AF$3))))) -> 40 | AG19: =MAX(0,MIN(AG$2,AG$2*(V19/(AG$3-AG$4)-(AG$4/(AG$3-AG$4))))) -> 0 | AH19: =MAX(0,MIN(AH$2,AH$2*(R19/(AH$3-AH$4)-(AH$4/(AH$3-AH$4))))) -> 3.9016393 | AI19: =MAX(0,MIN(AI$2,AI$2*(T19/(AI$3-AI$4)-(AI$4/(AI$3-AI$4))))) -> 5 | AJ19: =ROUND(SUM(AC19:AI19),0) -> 85 | AK19: 1301 | AL19: =ROUNDUP($AK19*AL$4,0) -> 781 | AM19: =ROUNDDOWN($AK19*AM$4,0) -> 260 | AN19: =ROUNDDOWN($AK19*AN$4,0) -> 260 | AO19: =MIN($AN19+$AO$2,MAX($AN19+$AO$3,MAX(0,$AN19/$AL$2*$AJ19))) -> 442 | AP19: =AO19+AL19+AM19 -> 1483 | AQ19: =AP19-AK19 -> 182 | AR19: =AP19/AK19 -> 1.1398924
A20: Abbas Razaq Abdul Razaq | B20: =VLOOKUP($A20,MainData!$C:$E,2,FALSE) -> Najaf | C20: =COUNTIFS(LO!C:C,$A20) -> 4 | D20: =SUMIFS(LO!F:F,LO!$C:$C,$A20) -> 2746481.2 | E20: =SUMIFS(LO!G:G,LO!$C:$C,$A20) -> 3555555.6 | F20: =D20/E20 -> 0.77244783 | G20: =SUMIFS(LO!I:I,LO!$C:$C,$A20) -> 461 | H20: =SUMIFS(LO!J:J,LO!$C:$C,$A20) -> 1911 | I20: =G20/H20 -> 0.24123496 | J20: =SUMIFS(LO!L:L,LO!$C:$C,$A20) -> 242727.27 | K20: =SUMIFS(LO!M:M,LO!$C:$C,$A20) -> 287878.78 | L20: =J20/K20 -> 0.84315792 | M20: =SUMIFS(LO!O:O,LO!$C:$C,$A20) -> 40 | N20: =SUMIFS(LO!P:P,LO!$C:$C,$A20) -> 41 | O20: =M20/N20 -> 0.97560976 | P20: =SUMIFS(LO!R:R,LO!$C:$C,$A20) -> 40 | Q20: =SUMIFS(LO!S:S,LO!$C:$C,$A20) -> 27 | R20: =IFERROR(Q20/P20,0) -> 0.675 | S20: =SUMIFS(LO!U:U,LO!$C:$C,$A20) -> 18 | T20: =IFERROR((S20)/P20,0) -> 0.45 | U20: =SUMIFS(LO!W:W,LO!$C:$C,$A20) -> 461 | V20: =AVERAGEIFS(LO!X:X,LO!$C:$C,$A20) -> 0.554 | W20: =SUMIFS(LO!Y:Y,LO!$C:$C,$A20) -> 69701.435 | X20: =W20/$D20 -> 0.02537845 | Y20: =SUMIFS(LO!AA:AA,LO!$C:$C,$A20) -> 21626.055 | Z20: =Y20/$D20 -> 0.0078740956 | AC20: =MAX(0,MIN(AC$2,AC$2*(L20/(AC$3-AC$4)-(AC$4/(AC$3-AC$4))))) -> 14.315792 | AD20: =MAX(0,MIN(AD$2,AD$2*(O20/(AD$3-AD$4)-(AD$4/(AD$3-AD$4))))) -> 0 | AE20: =MIN(AE$2,MAX(0,AE$2-AE$2*(X20/(AE$4-AE$3)-(AE$3/(AE$4-AE$3))))) -> 17.84862 | AF20: =MIN(AF$2,MAX(0,AF$2-AF$2*(Z20/(AF$4-AF$3)-(AF$3/(AF$4-AF$3))))) -> 40 | AG20: =MAX(0,MIN(AG$2,AG$2*(V20/(AG$3-AG$4)-(AG$4/(AG$3-AG$4))))) -> 0 | AH20: =MAX(0,MIN(AH$2,AH$2*(R20/(AH$3-AH$4)-(AH$4/(AH$3-AH$4))))) -> 4.75 | AI20: =MAX(0,MIN(AI$2,AI$2*(T20/(AI$3-AI$4)-(AI$4/(AI$3-AI$4))))) -> 5 | AJ20: =ROUND(SUM(AC20:AI20),0) -> 82 | AK20: 1733 | AL20: =ROUNDUP($AK20*AL$4,0) -> 1040 | AM20: =ROUNDDOWN($AK20*AM$4,0) -> 346 | AN20: =ROUNDDOWN($AK20*AN$4,0) -> 346 | AO20: =MIN($AN20+$AO$2,MAX($AN20+$AO$3,MAX(0,$AN20/$AL$2*$AJ20))) -> 567.44 | AP20: =AO20+AL20+AM20 -> 1953.44 | AQ20: =AP20-AK20 -> 220.44 | AR20: =AP20/AK20 -> 1.1272014
A21: Ahmed Hilal Abdul Kareem | B21: =VLOOKUP($A21,MainData!$C:$E,2,FALSE) -> Najaf | C21: =COUNTIFS(LO!C:C,$A21) -> 5 | D21: =SUMIFS(LO!F:F,LO!$C:$C,$A21) -> 3341219.5 | E21: =SUMIFS(LO!G:G,LO!$C:$C,$A21) -> 4333333.3 | F21: =D21/E21 -> 0.77105066 | G21: =SUMIFS(LO!I:I,LO!$C:$C,$A21) -> 676 | H21: =SUMIFS(LO!J:J,LO!$C:$C,$A21) -> 2800 | I21: =G21/H21 -> 0.24142857 | J21: =SUMIFS(LO!L:L,LO!$C:$C,$A21) -> 122537.88 | K21: =SUMIFS(LO!M:M,LO!$C:$C,$A21) -> 367424.23 | L21: =J21/K21 -> 0.33350517 | M21: =SUMIFS(LO!O:O,LO!$C:$C,$A21) -> 24 | N21: =SUMIFS(LO!P:P,LO!$C:$C,$A21) -> 49 | O21: =M21/N21 -> 0.48979592 | P21: =SUMIFS(LO!R:R,LO!$C:$C,$A21) -> 24 | Q21: =SUMIFS(LO!S:S,LO!$C:$C,$A21) -> 12 | R21: =IFERROR(Q21/P21,0) -> 0.5 | S21: =SUMIFS(LO!U:U,LO!$C:$C,$A21) -> 14 | T21: =IFERROR((S21)/P21,0) -> 0.58333333 | U21: =SUMIFS(LO!W:W,LO!$C:$C,$A21) -> 676 | V21: =AVERAGEIFS(LO!X:X,LO!$C:$C,$A21) -> 0.5984 | W21: =SUMIFS(LO!Y:Y,LO!$C:$C,$A21) -> 143870.77 | X21: =W21/$D21 -> 0.043059359 | Y21: =SUMIFS(LO!AA:AA,LO!$C:$C,$A21) -> 166491.05 | Z21: =Y21/$D21 -> 0.049829425 | AC21: =MAX(0,MIN(AC$2,AC$2*(L21/(AC$3-AC$4)-(AC$4/(AC$3-AC$4))))) -> 0 | AD21: =MAX(0,MIN(AD$2,AD$2*(O21/(AD$3-AD$4)-(AD$4/(AD$3-AD$4))))) -> 0 | AE21: =MIN(AE$2,MAX(0,AE$2-AE$2*(X21/(AE$4-AE$3)-(AE$3/(AE$4-AE$3))))) -> 10.776256 | AF21: =MIN(AF$2,MAX(0,AF$2-AF$2*(Z21/(AF$4-AF$3)-(AF$3/(AF$4-AF$3))))) -> 40 | AG21: =MAX(0,MIN(AG$2,AG$2*(V21/(AG$3-AG$4)-(AG$4/(AG$3-AG$4))))) -> 0 | AH21: =MAX(0,MIN(AH$2,AH$2*(R21/(AH$3-AH$4)-(AH$4/(AH$3-AH$4))))) -> 3 | AI21: =MAX(0,MIN(AI$2,AI$2*(T21/(AI$3-AI$4)-(AI$4/(AI$3-AI$4))))) -> 5 | AJ21: =ROUND(SUM(AC21:AI21),0) -> 59 | AK21: 1990 | AL21: =ROUNDUP($AK21*AL$4,0) -> 1194 | AM21: =ROUNDDOWN($AK21*AM$4,0) -> 398 | AN21: =ROUNDDOWN($AK21*AN$4,0) -> 398 | AO21: =MIN($AN21+$AO$2,MAX($AN21+$AO$3,MAX(0,$AN21/$AL$2*$AJ21))) -> 469.64 | AP21: =AO21+AL21+AM21 -> 2061.64 | AQ21: =AP21-AK21 -> 71.64 | AR21: =AP21/AK21 -> 1.036
A22: Azhar Hassan Hussien | B22: =VLOOKUP($A22,MainData!$C:$E,2,FALSE) -> Najaf | C22: =COUNTIFS(LO!C:C,$A22) -> 2 | D22: =SUMIFS(LO!F:F,LO!$C:$C,$A22) -> 1163428.6 | E22: =SUMIFS(LO!G:G,LO!$C:$C,$A22) -> 1111111.1 | F22: =D22/E22 -> 1.0470857 | G22: =SUMIFS(LO!I:I,LO!$C:$C,$A22) -> 353 | H22: =SUMIFS(LO!J:J,LO!$C:$C,$A22) -> 1289 | I22: =G22/H22 -> 0.2738557 | J22: =SUMIFS(LO!L:L,LO!$C:$C,$A22) -> 57575.758 | K22: =SUMIFS(LO!M:M,LO!$C:$C,$A22) -> 136363.63 | L22: =J22/K22 -> 0.42222224 | M22: =SUMIFS(LO!O:O,LO!$C:$C,$A22) -> 15 | N22: =SUMIFS(LO!P:P,LO!$C:$C,$A22) -> 23 | O22: =M22/N22 -> 0.65217391 | P22: =SUMIFS(LO!R:R,LO!$C:$C,$A22) -> 15 | Q22: =SUMIFS(LO!S:S,LO!$C:$C,$A22) -> 8 | R22: =IFERROR(Q22/P22,0) -> 0.53333333 | S22: =SUMIFS(LO!U:U,LO!$C:$C,$A22) -> 13 | T22: =IFERROR((S22)/P22,0) -> 0.86666667 | U22: =SUMIFS(LO!W:W,LO!$C:$C,$A22) -> 353 | V22: =AVERAGEIFS(LO!X:X,LO!$C:$C,$A22) -> 0.706 | W22: =SUMIFS(LO!Y:Y,LO!$C:$C,$A22) -> 31554.445 | X22: =W22/$D22 -> 0.027121943 | Y22: =SUMIFS(LO!AA:AA,LO!$C:$C,$A22) -> 126566.31 | Z22: =Y22/$D22 -> 0.10878735 | AC22: =MAX(0,MIN(AC$2,AC$2*(L22/(AC$3-AC$4)-(AC$4/(AC$3-AC$4))))) -> 0 | AD22: =MAX(0,MIN(AD$2,AD$2*(O22/(AD$3-AD$4)-(AD$4/(AD$3-AD$4))))) -> 0 | AE22: =MIN(AE$2,MAX(0,AE$2-AE$2*(X22/(AE$4-AE$3)-(AE$3/(AE$4-AE$3))))) -> 17.151223 | AF22: =MIN(AF$2,MAX(0,AF$2-AF$2*(Z22/(AF$4-AF$3)-(AF$3/(AF$4-AF$3))))) -> 16.485061 | AG22: =MAX(0,MIN(AG$2,AG$2*(V22/(AG$3-AG$4)-(AG$4/(AG$3-AG$4))))) -> 0 | AH22: =MAX(0,MIN(AH$2,AH$2*(R22/(AH$3-AH$4)-(AH$4/(AH$3-AH$4))))) -> 3.3333333 | AI22: =MAX(0,MIN(AI$2,AI$2*(T22/(AI$3-AI$4)-(AI$4/(AI$3-AI$4))))) -> 5 | AJ22: =ROUND(SUM(AC22:AI22),0) -> 42 | AK22: 1444 | AL22: =ROUNDUP($AK22*AL$4,0) -> 867 | AM22: =ROUNDDOWN($AK22*AM$4,0) -> 288 | AN22: =ROUNDDOWN($AK22*AN$4,0) -> 288 | AO22: =MIN($AN22+$AO$2,MAX($AN22+$AO$3,MAX(0,$AN22/$AL$2*$AJ22))) -> 241.92 | AP22: =AO22+AL22+AM22 -> 1396.92 | AQ22: =AP22-AK22 -> -47.08 | AR22: =AP22/AK22 -> 0.96739612
A23: Khalid Mousa Jumaa | B23: =VLOOKUP($A23,MainData!$C:$E,2,FALSE) -> Nasriya | C23: =COUNTIFS(LO!C:C,$A23) -> 5 | D23: =SUMIFS(LO!F:F,LO!$C:$C,$A23) -> 3368007.6 | E23: =SUMIFS(LO!G:G,LO!$C:$C,$A23) -> 3000000 | F23: =D23/E23 -> 1.1226692 | G23: =SUMIFS(LO!I:I,LO!$C:$C,$A23) -> 894 | H23: =SUMIFS(LO!J:J,LO!$C:$C,$A23) -> 3467 | I23: =G23/H23 -> 0.25785982 | J23: =SUMIFS(LO!L:L,LO!$C:$C,$A23) -> 305757.58 | K23: =SUMIFS(LO!M:M,LO!$C:$C,$A23) -> 352272.71 | L23: =J23/K23 -> 0.86795703 | M23: =SUMIFS(LO!O:O,LO!$C:$C,$A23) -> 59 | N23: =SUMIFS(LO!P:P,LO!$C:$C,$A23) -> 54 | O23: =M23/N23 -> 1.0925926 | P23: =SUMIFS(LO!R:R,LO!$C:$C,$A23) -> 59 | Q23: =SUMIFS(LO!S:S,LO!$C:$C,$A23) -> 21 | R23: =IFERROR(Q23/P23,0) -> 0.3559322 | S23: =SUMIFS(LO!U:U,LO!$C:$C,$A23) -> 23 | T23: =IFERROR((S23)/P23,0) -> 0.38983051 | U23: =SUMIFS(LO!W:W,LO!$C:$C,$A23) -> 894 | V23: =AVERAGEIFS(LO!X:X,LO!$C:$C,$A23) -> 0.7152 | W23: =SUMIFS(LO!Y:Y,LO!$C:$C,$A23) -> 151146.41 | X23: =W23/$D23 -> 0.044877099 | Y23: =SUMIFS(LO!AA:AA,LO!$C:$C,$A23) -> 17797.783 | Z23: =Y23/$D23 -> 0.0052843656 | AC23: =MAX(0,MIN(AC$2,AC$2*(L23/(AC$3-AC$4)-(AC$4/(AC$3-AC$4))))) -> 16.795703 | AD23: =MAX(0,MIN(AD$2,AD$2*(O23/(AD$3-AD$4)-(AD$4/(AD$3-AD$4))))) -> 0 | AE23: =MIN(AE$2,MAX(0,AE$2-AE$2*(X23/(AE$4-AE$3)-(AE$3/(AE$4-AE$3))))) -> 10.04916 | AF23: =MIN(AF$2,MAX(0,AF$2-AF$2*(Z23/(AF$4-AF$3)-(AF$3/(AF$4-AF$3))))) -> 40 | AG23: =MAX(0,MIN(AG$2,AG$2*(V23/(AG$3-AG$4)-(AG$4/(AG$3-AG$4))))) -> 0 | AH23: =MAX(0,MIN(AH$2,AH$2*(R23/(AH$3-AH$4)-(AH$4/(AH$3-AH$4))))) -> 1.559322 | AI23: =MAX(0,MIN(AI$2,AI$2*(T23/(AI$3-AI$4)-(AI$4/(AI$3-AI$4))))) -> 5 | AJ23: =ROUND(SUM(AC23:AI23),0) -> 73 | AK23: 1915 | AL23: =ROUNDUP($AK23*AL$4,0) -> 1149 | AM23: =ROUNDDOWN($AK23*AM$4,0) -> 383 | AN23: =ROUNDDOWN($AK23*AN$4,0) -> 383 | AO23: =MIN($AN23+$AO$2,MAX($AN23+$AO$3,MAX(0,$AN23/$AL$2*$AJ23))) -> 559.18 | AP23: =AO23+AL23+AM23 -> 2091.18 | AQ23: =AP23-AK23 -> 176.18 | AR23: =AP23/AK23 -> 1.092
A24: Ahmed Hadi Muhammad | B24: =VLOOKUP($A24,MainData!$C:$E,2,FALSE) -> Nasriya | C24: =COUNTIFS(LO!C:C,$A24) -> 4 | D24: =SUMIFS(LO!F:F,LO!$C:$C,$A24) -> 2502578.3 | E24: =SUMIFS(LO!G:G,LO!$C:$C,$A24) -> 1777777.8 | F24: =D24/E24 -> 1.4077003 | G24: =SUMIFS(LO!I:I,LO!$C:$C,$A24) -> 793 | H24: =SUMIFS(LO!J:J,LO!$C:$C,$A24) -> 2089 | I24: =G24/H24 -> 0.37960747 | J24: =SUMIFS(LO!L:L,LO!$C:$C,$A24) -> 272045.45 | K24: =SUMIFS(LO!M:M,LO!$C:$C,$A24) -> 249999.99 | L24: =J24/K24 -> 1.0881819 | M24: =SUMIFS(LO!O:O,LO!$C:$C,$A24) -> 54 | N24: =SUMIFS(LO!P:P,LO!$C:$C,$A24) -> 53 | O24: =M24/N24 -> 1.0188679 | P24: =SUMIFS(LO!R:R,LO!$C:$C,$A24) -> 54 | Q24: =SUMIFS(LO!S:S,LO!$C:$C,$A24) -> 24 | R24: =IFERROR(Q24/P24,0) -> 0.44444444 | S24: =SUMIFS(LO!U:U,LO!$C:$C,$A24) -> 35 | T24: =IFERROR((S24)/P24,0) -> 0.64814815 | U24: =SUMIFS(LO!W:W,LO!$C:$C,$A24) -> 793 | V24: =AVERAGEIFS(LO!X:X,LO!$C:$C,$A24) -> 0.793 | W24: =SUMIFS(LO!Y:Y,LO!$C:$C,$A24) -> 100924.01 | X24: =W24/$D24 -> 0.040328012 | Y24: =SUMIFS(LO!AA:AA,LO!$C:$C,$A24) -> 26543.89 | Z24: =Y24/$D24 -> 0.010606617 | AC24: =MAX(0,MIN(AC$2,AC$2*(L24/(AC$3-AC$4)-(AC$4/(AC$3-AC$4))))) -> 30 | AD24: =MAX(0,MIN(AD$2,AD$2*(O24/(AD$3-AD$4)-(AD$4/(AD$3-AD$4))))) -> 0 | AE24: =MIN(AE$2,MAX(0,AE$2-AE$2*(X24/(AE$4-AE$3)-(AE$3/(AE$4-AE$3))))) -> 11.868795 | AF24: =MIN(AF$2,MAX(0,AF$2-AF$2*(Z24/(AF$4-AF$3)-(AF$3/(AF$4-AF$3))))) -> 40 | AG24: =MAX(0,MIN(AG$2,AG$2*(V24/(AG$3-AG$4)-(AG$4/(AG$3-AG$4))))) -> 0 | AH24: =MAX(0,MIN(AH$2,AH$2*(R24/(AH$3-AH$4)-(AH$4/(AH$3-AH$4))))) -> 2.4444444 | AI24: =MAX(0,MIN(AI$2,AI$2*(T24/(AI$3-AI$4)-(AI$4/(AI$3-AI$4))))) -> 5 | AJ24: =ROUND(SUM(AC24:AI24),0) -> 89 | AK24: 1972 | AL24: =ROUNDUP($AK24*AL$4,0) -> 1184 | AM24: =ROUNDDOWN($AK24*AM$4,0) -> 394 | AN24: =ROUNDDOWN($AK24*AN$4,0) -> 394 | AO24: =MIN($AN24+$AO$2,MAX($AN24+$AO$3,MAX(0,$AN24/$AL$2*$AJ24))) -> 694 | AP24: =AO24+AL24+AM24 -> 2272 | AQ24: =AP24-AK24 -> 300 | AR24: =AP24/AK24 -> 1.1521298
A25: Azad Kareem Muhamed | B25: =VLOOKUP($A25,MainData!$C:$E,2,FALSE) -> Sulymaniya | C25: =COUNTIFS(LO!C:C,$A25) -> 4 | D25: =SUMIFS(LO!F:F,LO!$C:$C,$A25) -> 542915.53 | E25: =SUMIFS(LO!G:G,LO!$C:$C,$A25) -> 1333333.3 | F25: =D25/E25 -> 0.40718665 | G25: =SUMIFS(LO!I:I,LO!$C:$C,$A25) -> 181 | H25: =SUMIFS(LO!J:J,LO!$C:$C,$A25) -> 1600 | I25: =G25/H25 -> 0.113125 | J25: =SUMIFS(LO!L:L,LO!$C:$C,$A25) -> 70757.576 | K25: =SUMIFS(LO!M:M,LO!$C:$C,$A25) -> 227272.72 | L25: =J25/K25 -> 0.31133334 | M25: =SUMIFS(LO!O:O,LO!$C:$C,$A25) -> 17 | N25: =SUMIFS(LO!P:P,LO!$C:$C,$A25) -> 60 | O25: =M25/N25 -> 0.28333333 | P25: =SUMIFS(LO!R:R,LO!$C:$C,$A25) -> 17 | Q25: =SUMIFS(LO!S:S,LO!$C:$C,$A25) -> 6 | R25: =IFERROR(Q25/P25,0) -> 0.35294118 | S25: =SUMIFS(LO!U:U,LO!$C:$C,$A25) -> 11 | T25: =IFERROR((S25)/P25,0) -> 0.64705882 | U25: =SUMIFS(LO!W:W,LO!$C:$C,$A25) -> 181 | V25: =AVERAGEIFS(LO!X:X,LO!$C:$C,$A25) -> 0.181 | W25: =SUMIFS(LO!Y:Y,LO!$C:$C,$A25) -> 2590.1515 | X25: =W25/$D25 -> 0.0047708186 | Y25: =SUMIFS(LO!AA:AA,LO!$C:$C,$A25) -> 0 | Z25: =Y25/$D25 -> 0 | AC25: =MAX(0,MIN(AC$2,AC$2*(L25/(AC$3-AC$4)-(AC$4/(AC$3-AC$4))))) -> 0 | AD25: =MAX(0,MIN(AD$2,AD$2*(O25/(AD$3-AD$4)-(AD$4/(AD$3-AD$4))))) -> 0 | AE25: =MIN(AE$2,MAX(0,AE$2-AE$2*(X25/(AE$4-AE$3)-(AE$3/(AE$4-AE$3))))) -> 20 | AF25: =MIN(AF$2,MAX(0,AF$2-AF$2*(Z25/(AF$4-AF$3)-(AF$3/(AF$4-AF$3))))) -> 40 | AG25: =MAX(0,MIN(AG$2,AG$2*(V25/(AG$3-AG$4)-(AG$4/(AG$3-AG$4))))) -> 0 | AH25: =MAX(0,MIN(AH$2,AH$2*(R25/(AH$3-AH$4)-(AH$4/(AH$3-AH$4))))) -> 1.5294118 | AI25: =MAX(0,MIN(AI$2,AI$2*(T25/(AI$3-AI$4)-(AI$4/(AI$3-AI$4))))) -> 5 | AJ25: =ROUND(SUM(AC25:AI25),0) -> 67 | AK25: 1904 | AL25: =ROUNDUP($AK25*AL$4,0) -> 1143 | AM25: =ROUNDDOWN($AK25*AM$4,0) -> 380 | AN25: =ROUNDDOWN($AK25*AN$4,0) -> 380 | AO25: =MIN($AN25+$AO$2,MAX($AN25+$AO$3,MAX(0,$AN25/$AL$2*$AJ25))) -> 509.2 | AP25: =AO25+AL25+AM25 -> 2032.2 | AQ25: =AP25-AK25 -> 128.2 | AR25: =AP25/AK25 -> 1.0673319
A26: Ali Mehdi Dawood | B26: =VLOOKUP($A26,MainData!$C:$E,2,FALSE) -> Wehda | C26: =COUNTIFS(LO!C:C,$A26) -> 6 | D26: =SUMIFS(LO!F:F,LO!$C:$C,$A26) -> 3226219.2 | E26: =SUMIFS(LO!G:G,LO!$C:$C,$A26) -> 3777777.8 | F26: =D26/E26 -> 0.85399919 | G26: =SUMIFS(LO!I:I,LO!$C:$C,$A26) -> 868 | H26: =SUMIFS(LO!J:J,LO!$C:$C,$A26) -> 4356 | I26: =G26/H26 -> 0.19926538 | J26: =SUMIFS(LO!L:L,LO!$C:$C,$A26) -> 218939.39 | K26: =SUMIFS(LO!M:M,LO!$C:$C,$A26) -> 431818.16 | L26: =J26/K26 -> 0.50701757 | M26: =SUMIFS(LO!O:O,LO!$C:$C,$A26) -> 38 | N26: =SUMIFS(LO!P:P,LO!$C:$C,$A26) -> 62 | O26: =M26/N26 -> 0.61290323 | P26: =SUMIFS(LO!R:R,LO!$C:$C,$A26) -> 38 | Q26: =SUMIFS(LO!S:S,LO!$C:$C,$A26) -> 23 | R26: =IFERROR(Q26/P26,0) -> 0.60526316 | S26: =SUMIFS(LO!U:U,LO!$C:$C,$A26) -> 3 | T26: =IFERROR((S26)/P26,0) -> 0.078947368 | U26: =SUMIFS(LO!W:W,LO!$C:$C,$A26) -> 868 | V26: =AVERAGEIFS(LO!X:X,LO!$C:$C,$A26) -> 0.57866667 | W26: =SUMIFS(LO!Y:Y,LO!$C:$C,$A26) -> 105752.58 | X26: =W26/$D26 -> 0.032779108 | Y26: =SUMIFS(LO!AA:AA,LO!$C:$C,$A26) -> 138093.66 | Z26: =Y26/$D26 -> 0.042803559 | AC26: =MAX(0,MIN(AC$2,AC$2*(L26/(AC$3-AC$4)-(AC$4/(AC$3-AC$4))))) -> 0 | AD26: =MAX(0,MIN(AD$2,AD$2*(O26/(AD$3-AD$4)-(AD$4/(AD$3-AD$4))))) -> 0 | AE26: =MIN(AE$2,MAX(0,AE$2-AE$2*(X26/(AE$4-AE$3)-(AE$3/(AE$4-AE$3))))) -> 14.888357 | AF26: =MIN(AF$2,MAX(0,AF$2-AF$2*(Z26/(AF$4-AF$3)-(AF$3/(AF$4-AF$3))))) -> 40 | AG26: =MAX(0,MIN(AG$2,AG$2*(V26/(AG$3-AG$4)-(AG$4/(AG$3-AG$4))))) -> 0 | AH26: =MAX(0,MIN(AH$2,AH$2*(R26/(AH$3-AH$4)-(AH$4/(AH$3-AH$4))))) -> 4.0526316 | AI26: =MAX(0,MIN(AI$2,AI$2*(T26/(AI$3-AI$4)-(AI$4/(AI$3-AI$4))))) -> 1.3157895 | AJ26: =ROUND(SUM(AC26:AI26),0) -> 60 | AK26: 1344 | AL26: =ROUNDUP($AK26*AL$4,0) -> 807 | AM26: =ROUNDDOWN($AK26*AM$4,0) -> 268 | AN26: =ROUNDDOWN($AK26*AN$4,0) -> 268 | AO26: =MIN($AN26+$AO$2,MAX($AN26+$AO$3,MAX(0,$AN26/$AL$2*$AJ26))) -> 321.6 | AP26: =AO26+AL26+AM26 -> 1396.6 | AQ26: =AP26-AK26 -> 52.6 | AR26: =AP26/AK26 -> 1.0391369
A27: Ali Salman Ali | B27: =VLOOKUP($A27,MainData!$C:$E,2,FALSE) -> Wehda | C27: =COUNTIFS(LO!C:C,$A27) -> 5 | D27: =SUMIFS(LO!F:F,LO!$C:$C,$A27) -> 3205501.1 | E27: =SUMIFS(LO!G:G,LO!$C:$C,$A27) -> 3000000 | F27: =D27/E27 -> 1.0685004 | G27: =SUMIFS(LO!I:I,LO!$C:$C,$A27) -> 750 | H27: =SUMIFS(LO!J:J,LO!$C:$C,$A27) -> 3467 | I27: =G27/H27 -> 0.21632535 | J27: =SUMIFS(LO!L:L,LO!$C:$C,$A27) -> 224393.94 | K27: =SUMIFS(LO!M:M,LO!$C:$C,$A27) -> 352272.71 | L27: =J27/K27 -> 0.63698928 | M27: =SUMIFS(LO!O:O,LO!$C:$C,$A27) -> 37 | N27: =SUMIFS(LO!P:P,LO!$C:$C,$A27) -> 54 | O27: =M27/N27 -> 0.68518519 | P27: =SUMIFS(LO!R:R,LO!$C:$C,$A27) -> 37 | Q27: =SUMIFS(LO!S:S,LO!$C:$C,$A27) -> 19 | R27: =IFERROR(Q27/P27,0) -> 0.51351351 | S27: =SUMIFS(LO!U:U,LO!$C:$C,$A27) -> 5 | T27: =IFERROR((S27)/P27,0) -> 0.13513514 | U27: =SUMIFS(LO!W:W,LO!$C:$C,$A27) -> 750 | V27: =AVERAGEIFS(LO!X:X,LO!$C:$C,$A27) -> 0.6 | W27: =SUMIFS(LO!Y:Y,LO!$C:$C,$A27) -> 105834.43 | X27: =W27/$D27 -> 0.033016501 | Y27: =SUMIFS(LO!AA:AA,LO!$C:$C,$A27) -> 69665.672 | Z27: =Y27/$D27 -> 0.021733161 | AC27: =MAX(0,MIN(AC$2,AC$2*(L27/(AC$3-AC$4)-(AC$4/(AC$3-AC$4))))) -> 0 | AD27: =MAX(0,MIN(AD$2,AD$2*(O27/(AD$3-AD$4)-(AD$4/(AD$3-AD$4))))) -> 0 | AE27: =MIN(AE$2,MAX(0,AE$2-AE$2*(X27/(AE$4-AE$3)-(AE$3/(AE$4-AE$3))))) -> 14.7934 | AF27: =MIN(AF$2,MAX(0,AF$2-AF$2*(Z27/(AF$4-AF$3)-(AF$3/(AF$4-AF$3))))) -> 40 | AG27: =MAX(0,MIN(AG$2,AG$2*(V27/(AG$3-AG$4)-(AG$4/(AG$3-AG$4))))) -> 0 | AH27: =MAX(0,MIN(AH$2,AH$2*(R27/(AH$3-AH$4)-(AH$4/(AH$3-AH$4))))) -> 3.1351351 | AI27: =MAX(0,MIN(AI$2,AI$2*(T27/(AI$3-AI$4)-(AI$4/(AI$3-AI$4))))) -> 2.2522523 | AJ27: =ROUND(SUM(AC27:AI27),0) -> 60 | AK27: 1988 | AL27: =ROUNDUP($AK27*AL$4,0) -> 1193 | AM27: =ROUNDDOWN($AK27*AM$4,0) -> 397 | AN27: =ROUNDDOWN($AK27*AN$4,0) -> 397 | AO27: =MIN($AN27+$AO$2,MAX($AN27+$AO$3,MAX(0,$AN27/$AL$2*$AJ27))) -> 476.4 | AP27: =AO27+AL27+AM27 -> 2066.4 | AQ27: =AP27-AK27 -> 78.4 | AR27: =AP27/AK27 -> 1.0394366
A28: Rashad Hadi Lafta | B28: =VLOOKUP($A28,MainData!$C:$E,2,FALSE) -> Dewaniya | C28: =COUNTIFS(LO!C:C,$A28) -> 5 | D28: =SUMIFS(LO!F:F,LO!$C:$C,$A28) -> 4849052.4 | E28: =SUMIFS(LO!G:G,LO!$C:$C,$A28) -> 3888888.9 | F28: =D28/E28 -> 1.2468992 | G28: =SUMIFS(LO!I:I,LO!$C:$C,$A28) -> 1318 | H28: =SUMIFS(LO!J:J,LO!$C:$C,$A28) -> 2311 | I28: =G28/H28 -> 0.57031588 | J28: =SUMIFS(LO!L:L,LO!$C:$C,$A28) -> 266893.94 | K28: =SUMIFS(LO!M:M,LO!$C:$C,$A28) -> 344696.96 | L28: =J28/K28 -> 0.77428574 | M28: =SUMIFS(LO!O:O,LO!$C:$C,$A28) -> 39 | N28: =SUMIFS(LO!P:P,LO!$C:$C,$A28) -> 56 | O28: =M28/N28 -> 0.69642857 | P28: =SUMIFS(LO!R:R,LO!$C:$C,$A28) -> 39 | Q28: =SUMIFS(LO!S:S,LO!$C:$C,$A28) -> 24 | R28: =IFERROR(Q28/P28,0) -> 0.61538462 | S28: =SUMIFS(LO!U:U,LO!$C:$C,$A28) -> 22 | T28: =IFERROR((S28)/P28,0) -> 0.56410256 | U28: =SUMIFS(LO!W:W,LO!$C:$C,$A28) -> 1318 | V28: =AVERAGEIFS(LO!X:X,LO!$C:$C,$A28) -> 1.2788 | W28: =SUMIFS(LO!Y:Y,LO!$C:$C,$A28) -> 189106.01 | X28: =W28/$D28 -> 0.038998549 | Y28: =SUMIFS(LO!AA:AA,LO!$C:$C,$A28) -> 175319.66 | Z28: =Y28/$D28 -> 0.036155446 | AC28: =MAX(0,MIN(AC$2,AC$2*(L28/(AC$3-AC$4)-(AC$4/(AC$3-AC$4))))) -> 7.4285736 | AD28: =MAX(0,MIN(AD$2,AD$2*(O28/(AD$3-AD$4)-(AD$4/(AD$3-AD$4))))) -> 0 | AE28: =MIN(AE$2,MAX(0,AE$2-AE$2*(X28/(AE$4-AE$3)-(AE$3/(AE$4-AE$3))))) -> 12.40058 | AF28: =MIN(AF$2,MAX(0,AF$2-AF$2*(Z28/(AF$4-AF$3)-(AF$3/(AF$4-AF$3))))) -> 40 | AG28: =MAX(0,MIN(AG$2,AG$2*(V28/(AG$3-AG$4)-(AG$4/(AG$3-AG$4))))) -> 0 | AH28: =MAX(0,MIN(AH$2,AH$2*(R28/(AH$3-AH$4)-(AH$4/(AH$3-AH$4))))) -> 4.1538462 | AI28: =MAX(0,MIN(AI$2,AI$2*(T28/(AI$3-AI$4)-(AI$4/(AI$3-AI$4))))) -> 5 | AJ28: =ROUND(SUM(AC28:AI28),0) -> 69 | AK28: 0 | AL28: =ROUNDUP($AK28*AL$4,0) -> 0 | AM28: =ROUNDDOWN($AK28*AM$4,0) -> 0 | AN28: =ROUNDDOWN($AK28*AN$4,0) -> 0 | AO28: =MIN($AN28+$AO$2,MAX($AN28+$AO$3,MAX(0,$AN28/$AL$2*$AJ28))) -> 0 | AP28: =AO28+AL28+AM28 -> 0 | AQ28: =AP28-AK28 -> 0 | AR28: =AP28/AK28 -> #DIV/0!
A29: End | B29: End | C29: End | D29: End | E29: End | F29: End | G29: End | H29: End | I29: End | J29: End | K29: End | L29: End | M29: End | N29: End | O29: End | P29: End | Q29: End | R29: End | S29: End | T29: End | U29: End | V29: End | W29: End | X29: End | Y29: End | Z29: End | AC29: =AVERAGE(AC6:AC27) -> 11.384991 | AD29: =AVERAGE(AD6:AD27) -> 0 | AE29: =AVERAGE(AE6:AE27) -> 16.305886 | AF29: =AVERAGE(AF6:AF27) -> 38.931139 | AG29: =AVERAGE(AG6:AG27) -> 0 | AH29: =AVERAGE(AH6:AH27) -> 3.1058612 | AI29: =AVERAGE(AI6:AI27) -> 4.4687686 | AJ29: End | AK29: =SUBTOTAL(109,AK6:AK27) -> 36164 | AL29: =SUBTOTAL(109,AL6:AL27) -> 21708 | AM29: =SUBTOTAL(109,AM6:AM27) -> 7224 | AN29: =SUBTOTAL(109,AN6:AN27) -> 7224 | AO29: =SUBTOTAL(109,AO6:AO27) -> 10605.74 | AP29: =SUBTOTAL(109,AP6:AP27) -> 39537.74 | AQ29: =SUBTOTAL(109,AQ6:AQ27) -> 3373.74 | AR29: =AP29/AK29 -> 1.09329

Sheet LO
A1: Weight | B1: Micro | C1: =COUNTIFS(B$7:B$288,$B1) -> 75 | E1: =G1/C1 -> 333333.33 | F1: =SUMIFS(F$7:F$288,$B$7:$B$288,$B1) -> 35987715 | G1: =H1*G$5 -> 25000000 | H1: 0.34722222 | I1: =SUMIFS(I$7:I$288,$B$7:$B$288,$B1) -> 12620 | J1: 30000 | K1: =Target_Entry!G5 -> 56818.18 | L1: =SUMIFS(L$7:L$288,$B$7:$B$288,$B1) -> 3176931.8 | M1: =Target_Entry!J23 -> 4545454.4 | N1: =M1/M$5 -> 0.48115477 | O1: =SUMIFS(O$7:O$288,$B$7:$B$288,$B1) -> 728 | P1: =P$5/O$5*O1 -> 17.724076 | W1: Actual | X1: Target | AC1: Points | AD1: 10 | AE1: 0 | AF1: 30 | AG1: 0 | AH1: 15 | AI1: 30 | AJ1: 5 | AK1: 5 | AL1: 5 | AN1: =SUM(AD1:AL1) -> 100 | AP1: =COUNTIFS($AN$7:$AN$178,">0",$B$7:$B$178,$B1) -> 22 | AQ1: =AP1/C1 -> 0.29333333
A2: Max Input | B2: SE | C2: =COUNTIFS(B$7:B$288,$B2) -> 9 | E2: =G2/C2 -> 2111111.1 | F2: =SUMIFS(F$7:F$288,$B$7:$B$288,$B2) -> 9512147 | G2: =H2*G$5 -> 19000000 | H2: 0.26388889 | I2: =SUMIFS(I$7:I$288,$B$7:$B$288,$B2) -> 689 | J2: 2000 | K2: =Target_Entry!AA5 -> 94696.97 | L2: =SUMIFS(L$7:L$288,$B$7:$B$288,$B2) -> 508560.61 | M2: =Target_Entry!AD23 -> 1321969.7 | N2: =M2/M$5 -> 0.13993585 | O2: =SUMIFS(O$7:O$288,$B$7:$B$288,$B2) -> 22 | P2: =P$5/O$5*O2 -> 0.53561767 | V2: Micro | W2: =AVERAGEIFS(W$7:W$288,$B$7:$B$288,$V2) -> 168.26667 | X2: ='LOS Incentive'!V3 -> 250 | Z2: =SUBTOTAL(101,Z7:Z288) -> 0.021288995 | AB2: =SUBTOTAL(101,AB7:AB288) -> 0.041712269 | AC2: Full Points @ | AD2: 1 | AE2: 1 | AF2: 1 | AG2: 1 | AH2: 0 | AI2: 0.03 | AJ2: 1 | AK2: 0.7 | AL2: 0.3 | AM2: Max Target PAR > 30 | AN2: 0.15 | AP2: =COUNTIFS($AN$7:$AN$178,">0",$B$7:$B$178,$B2) -> 0 | AQ2: =AP2/C2 -> 0
B3: VSE | C3: =COUNTIFS(B$7:B$288,$B3) -> 36 | E3: =G3/C3 -> 777777.78 | F3: =SUMIFS(F$7:F$288,$B$7:$B$288,$B3) -> 27711963 | G3: =H3*G$5 -> 28000000 | H3: 0.38888889 | I3: =SUM(I$7:I$288) -> 20813 | J3: ='LOS Incentive'!H2 -> 32000 | K3: =Target_Entry!Q5 -> 79545.45 | L3: =SUMIFS(L$7:L$288,$B$7:$B$288,$B3) -> 1918674.2 | M3: =Target_Entry!T23 -> 3579545.2 | N3: =M3/M$5 -> 0.37890937 | O3: =SUMIFS(O$7:O$288,$B$7:$B$288,$B3) -> 344 | P3: =P$5/O$5*O5 -> 27 | R3: =SUM(R$7:R$288) -> 1107 | S3: =SUM(S$7:S$288) -> 565 | U3: =SUM(U$7:U$288) -> 479 | V3: SE | W3: =AVERAGEIFS(W$7:W$288,$B$7:$B$288,$V3) -> 76.555556 | X3: ='LOS Incentive'!V4 -> 100 | Y3: =SUM(Y$7:Y$288) -> 2092040.1 | AA3: =SUM(AA$7:AA$288) -> 1807918.8 | AC3: Zero Point @ | AD3: 0.7 | AE3: 0.7 | AF3: 0.7 | AG3: 0.7 | AH3: 0.05 | AI3: 0.15 | AJ3: 0.5 | AK3: 0.2 | AL3: 0 | AM3: Min Target Disb. Micro,+ | AN3: 0 | AO3: 15 | AP3: =COUNTIFS($AN$7:$AN$178,">0",$B$7:$B$178,$B3) -> 13 | AQ3: =AP3/C3 -> 0.36111111 | AR3: Deducated to | AS3: 0.8 | AT3: 100 % Incentive | AU3: 650 | AW3: =AW5 -> 819
A4: Min Input | B4: Inactive | C4: =COUNTIFS(B$7:B$288,$B4) -> 64 | E4: =G4/C4 -> 0 | F4: =SUMIFS(F$7:F$288,$B$7:$B$288,$B4) -> 1816808.1 | H4: 0 | N4: =M4/M$5 -> 0 | V4: VSE | W4: =AVERAGEIFS(W$7:W$288,$B$7:$B$288,$V4) -> 190.97222 | AC4: Max If Obove Full | AD4: =AD1 -> 10 | AE4: =AE1 -> 0 | AF4: 45 | AG4: =AG1 -> 0 | AH4: =AH1 -> 15 | AI4: 45 | AJ4: =AJ1 -> 5 | AK4: =AK1 -> 5 | AL4: =AL1 -> 5 | AM4: Min Target Disb. VSE | AN4: 70000 | AO4: 8 | AU4: 0 | AY4: 240 | AZ4: 120
F5: =SUM(F$7:F$288) -> 75028633 | G5: 72000000 | H5: =G5/G$5 -> 1 | L5: =SUM(L$7:L$288) -> 5663257.6 | M5: =Target_Entry!AF23 -> 9446969.3 | N5: =SUM(N1:N4) -> 1 | O5: =SUM(O$7:O$288) -> 1109 | P5: =SUBTOTAL(109,P7:P172) -> 27 | AC5: Min If Less Than Zero | AD5: 0 | AE5: 0 | AF5: 0 | AG5: 0 | AH5: 0 | AI5: 0 | AJ5: 0 | AK5: 0 | AL5: 0 | AO5: =SUBTOTAL(109,AO7:AO303) -> 2337 | AP5: =SUBTOTAL(109,AP7:AP303) -> 255 | AQ5: =SUBTOTAL(109,AQ7:AQ303) -> 325 | AR5: =SUBTOTAL(109,AR7:AR303) -> 2917 | AS5: =SUBTOTAL(109,AS7:AS303) -> 1870 | AT5: =SUBTOTAL(109,AT7:AT303) -> 1047 | AU5: =SUBTOTAL(109,AU7:AU303) -> 1866 | AV5: =SUBTOTAL(109,AV7:AV303) -> 3736 | AW5: =SUBTOTAL(109,AW7:AW303) -> 819 | AX5: =SUBTOTAL(101,AX7:AX303) -> 1.0154206 | AY5: =SUBTOTAL(109,AY7:AY303) -> 1866 | AZ5: =SUBTOTAL(109,AZ7:AZ303) -> 345 | BA5: =SUBTOTAL(109,BA7:BA303) -> 0
A6: Loan Officer (Active) | B6: SE / Micro | C6: Loan Officer Supervisor | D6: Branch | E6: Credit Coordinator | F6: Actual Portfolio | G6: Target Portfolio | H6: Actual/Target | I6: Actual Active Clients | J6: Target Active Clients | K6: Actual/Target | L6: Actual Disbursement $ | M6: Tatget Disbursement $ | N6: Actual/Target | O6: Actual Disbursement # | P6: Tatget Disbursement # | Q6: Actual/Target | R6: Disb Clients No. | S6: Disb ReNew No. Clients | T6: Disb Renewal Rate (%) | U6: Disb Female No. Clients | V6: Disb Female Rate (%) | W6: Active Clients | X6: Case Load by LO | Y6: PAR $ 0-30 | Z6: PAR 0-30 | AA6: PAR $ >30 | AB6: PAR >30 | AD6: Portfolio $ Share | AE6: Active Clients # Share | AF6: Disbursement $ Share | AG6: Disbursement # Share | AH6: PAR 1-30 | AI6: PAR >30 | AJ6: Case Load | AK6: Renewal Rate | AL6: Female Rate | AM6: Total Points | AN6: Total Points with Min Disb and PAR > 30 Target | AO6: Basic Salary | AP6: Incentives | AQ6: Other Benefits or Bonus (EOM, Target,…) | AR6: Total Salaries | AS6: New Basic | AT6: Difference (From Old) | AU6: Proposal Incentive | AV6: Proposal Total Salary | AW6: Difference | AX6: New/Old Salary | AY6: Incentives | AZ6: Transportation | BA6: Bonus | BC6: Repayment Rate
A7: Ahmed Abdul Hussain Mathkor | B7: =VLOOKUP($A7,MainData!$A$4:$E$1967,2,FALSE) -> VSE | C7: =VLOOKUP($A7,MainData!$A$4:$E$1967,3,FALSE) -> Ali Kadhum Wshah | D7: =VLOOKUP($A7,MainData!$A$4:$E$1967,4,FALSE) -> Basra | E7: =VLOOKUP($A7,MainData!$A$4:$E$1967,5,FALSE) -> Adel Abdul Ameer Farhod | F7: =SUMIFS(MainData!G:G,MainData!$A:$A,$A7) -> 1277637.5 | G7: =IF($B7=$B$4,0,IF($B7=$B$1,$E$1,IF($B7=$B$2,$E$2,IF($B7=$B$3,$E$3)))) -> 777777.78 | H7: =IFERROR(F7/G7,0) -> 1.6426768 | I7: =SUMIFS(MainData!F:F,MainData!$A:$A,$A7) -> 300 | J7: =IF($B7=$B$4,0,IF($B7=$B$2,ROUND(J$2/$C$2,0),IF($B7=$B$3,ROUND(J$3/$C$3,0),ROUND(J$1/$C$1,0)))) -> 889 | K7: =IFERROR(I7/J7,0) -> 0.33745782 | L7: =SUMIFS(MainData!K:K,MainData!$A:$A,$A7) -> 80681.818 | M7: =IF($B7=$B$4,0,IF($B7=$B$1,$K$1,IF($B7=$B$2,$K$2,IF($B7=$B$3,$K$3)))) -> 79545.45 | N7: =IFERROR(L7/M7,0) -> 1.0142858 | O7: =SUMIFS(MainData!J:J,MainData!$A:$A,$A7) -> 16 | P7: =IF($B7=$B$4,0,IF($B7=$B$1,VLOOKUP(D7,Target_Entry!$A$8:$AF$23,5,0),IF(LO!B7=LO!$B$2,VLOOKUP(LO!D7,Target_Entry!$A$8:$AF$23,25,0),IF(LO!B7=LO!$B$3,VLOOKUP(LO!D7,Target_Entry!$A$8:$AF$23,15,0))))) -> 8 | Q7: =IFERROR(O7/P7,0) -> 2 | R7: =SUMIFS(MainData!J:J,MainData!$A:$A,$A7) -> 16 | S7: =SUMIFS(MainData!M:M,MainData!$A:$A,$A7) -> 4 | T7: =IFERROR(S7/R7,0) -> 0.25 | U7: =SUMIFS(MainData!L:L,MainData!$A:$A,$A7) -> 8 | V7: =IFERROR(U7/R7,0) -> 0.5 | W7: =SUMIFS(MainData!F:F,MainData!$A:$A,$A7) -> 300 | X7: =IF($B7=$B$2,W7/X$3,W7/X$2) -> 1.2 | Y7: =SUMIFS(MainData!H:H,MainData!$A:$A,$A7) -> 1854.5455 | Z7: =IFERROR(Y7/$F7,0) -> 0.0014515427 | AA7: =SUMIFS(MainData!I:I,MainData!$A:$A,$A7) -> 31061.245 | AB7: =IFERROR(AA7/$F7,0) -> 0.024311469 | AD7: =MAX(AD$5,MIN(AD$4,AD$1*(H7/(AD$2-AD$3)-(AD$3/(AD$2-AD$3))))) -> 10 | AE7: =MAX(AE$5,MIN(AE$4,AE$1*(K7/(AE$2-AE$3)-(AE$3/(AE$2-AE$3))))) -> 0 | AF7: =MAX(AF$5,MIN(AF$4,AF$1*(N7/(AF$2-AF$3)-(AF$3/(AF$2-AF$3))))) -> 31.428577 | AG7: =MAX(AG$5,MIN(AG$4,AG$1*(Q7/(AG$2-AG$3)-(AG$3/(AG$2-AG$3))))) -> 0 | AH7: =MIN(AH$4,MAX(AH$5,AH$1-AH$1*(Z7/(AH$3-AH$2)-(AH$2/(AH$3-AH$2))))) -> 14.564537 | AI7: =MIN(AI$4,MAX(AI$5,AI$1-AI$1*(AB7/(AI$3-AI$2)-(AI$2/(AI$3-AI$2))))) -> 31.422133 | AJ7: =MAX(AJ$5,MIN(AJ$4,AJ$1*(X7/(AJ$2-AJ$3)-(AJ$3/(AJ$2-AJ$3))))) -> 5 | AK7: =MAX(AK$5,MIN(AK$4,AK$1*(T7/(AK$2-AK$3)-(AK$3/(AK$2-AK$3))))) -> 0.5 | AL7: =MAX(AL$5,MIN(AL$4,AL$1*(V7/(AL$2-AL$3)-(AL$3/(AL$2-AL$3))))) -> 5 | AM7: =ROUND(SUM(AD7:AL7),0) -> 98 | AN7: =IF(AND(AB7<=AN$2,OR(AND(O7>=AO$3,L7>=AN$3),AND(O7>=AO$4,L7>=AN$4))),AM7,0) -> 98 | AO7: 806 | AP7: 0 | AQ7: 0 | AR7: =SUM(AO7:AQ7) -> 806 | AS7: =IF(AO7>0,ROUNDUP($AO7*AS$3,0),0) -> 645 | AT7: =AR7-AS7 -> 161 | AU7: =IF(AO7>0,ROUND(AN7/$AN$1*AU$3,0),0) -> 637 | AV7: =AU7+AS7 -> 1282 | AW7: =AV7-AR7 -> 476 | AX7: =IFERROR(AV7/AR7,0) -> 1.5905707 | AY7: =AU7 -> 637 | AZ7: =IF(O7<18,IF(AND(I7>0,I7<=60),60,IF(AND(I7>60,I7<=120),70,IF(AND(I7>120,I7<=200),80,IF(I7>200,90,0)))),IF(O7>=18,IF(AND(I7>0,I7<=60),70,IF(AND(I7>60,I7<=120),80,IF(AND(I7>120,I7<=200),90,100))))) -> 90 | BB7: =AU7-AY7 -> 0 | BC7: =VLOOKUP(A7,ImportDataWA!A$14:AG$112,33,0) -> 98.174086 | BD7: =AU7-AY7 -> 0
A8: Ali Abdul Khaliq Yousif | B8: =VLOOKUP($A8,MainData!$A$4:$E$1967,2,FALSE) -> VSE | C8: =VLOOKUP($A8,MainData!$A$4:$E$1967,3,FALSE) -> Ali Kadhum Wshah | D8: =VLOOKUP($A8,MainData!$A$4:$E$1967,4,FALSE) -> Basra | E8: =VLOOKUP($A8,MainData!$A$4:$E$1967,5,FALSE) -> Adel Abdul Ameer Farhod | F8: =SUMIFS(MainData!G:G,MainData!$A:$A,$A8) -> 839475.31 | G8: =IF($B8=$B$4,0,IF($B8=$B$1,$E$1,IF($B8=$B$2,$E$2,IF($B8=$B$3,$E$3)))) -> 777777.78 | H8: =IFERROR(F8/G8,0) -> 1.0793254 | I8: =SUMIFS(MainData!F:F,MainData!$A:$A,$A8) -> 210 | J8: =IF($B8=$B$4,0,IF($B8=$B$2,ROUND(J$2/$C$2,0),IF($B8=$B$3,ROUND(J$3/$C$3,0),ROUND(J$1/$C$1,0)))) -> 889 | K8: =IFERROR(I8/J8,0) -> 0.23622047 | L8: =SUMIFS(MainData!K:K,MainData!$A:$A,$A8) -> 82575.758 | M8: =IF($B8=$B$4,0,IF($B8=$B$1,$K$1,IF($B8=$B$2,$K$2,IF($B8=$B$3,$K$3)))) -> 79545.45 | N8: =IFERROR(L8/M8,0) -> 1.0380953 | O8: =SUMIFS(MainData!J:J,MainData!$A:$A,$A8) -> 15 | P8: =IF($B8=$B$4,0,IF($B8=$B$1,VLOOKUP(D8,Target_Entry!$A$8:$AF$23,5,0),IF(LO!B8=LO!$B$2,VLOOKUP(LO!D8,Target_Entry!$A$8:$AF$23,25,0),IF(LO!B8=LO!$B$3,VLOOKUP(LO!D8,Target_Entry!$A$8:$AF$23,15,0))))) -> 8 | Q8: =IFERROR(O8/P8,0) -> 1.875 | R8: =SUMIFS(MainData!J:J,MainData!$A:$A,$A8) -> 15 | S8: =SUMIFS(MainData!M:M,MainData!$A:$A,$A8) -> 7 | T8: =IFERROR(S8/R8,0) -> 0.46666667 | U8: =SUMIFS(MainData!L:L,MainData!$A:$A,$A8) -> 7 | V8: =IFERROR(U8/R8,0) -> 0.46666667 | W8: =SUMIFS(MainData!F:F,MainData!$A:$A,$A8) -> 210 | X8: =IF($B8=$B$2,W8/X$3,W8/X$2) -> 0.84 | Y8: =SUMIFS(MainData!H:H,MainData!$A:$A,$A8) -> 6195.3416 | Z8: =IFERROR(Y8/$F8,0) -> 0.0073800164 | AA8: =SUMIFS(MainData!I:I,MainData!$A:$A,$A8) -> 32736.117 | AB8: =IFERROR(AA8/$F8,0) -> 0.038995926 | AD8: =MAX(AD$5,MIN(AD$4,AD$1*(H8/(AD$2-AD$3)-(AD$3/(AD$2-AD$3))))) -> 10 | AE8: =MAX(AE$5,MIN(AE$4,AE$1*(K8/(AE$2-AE$3)-(AE$3/(AE$2-AE$3))))) -> 0 | AF8: =MAX(AF$5,MIN(AF$4,AF$1*(N8/(AF$2-AF$3)-(AF$3/(AF$2-AF$3))))) -> 33.80953 | AG8: =MAX(AG$5,MIN(AG$4,AG$1*(Q8/(AG$2-AG$3)-(AG$3/(AG$2-AG$3))))) -> 0 | AH8: =MIN(AH$4,MAX(AH$5,AH$1-AH$1*(Z8/(AH$3-AH$2)-(AH$2/(AH$3-AH$2))))) -> 12.785995 | AI8: =MIN(AI$4,MAX(AI$5,AI$1-AI$1*(AB8/(AI$3-AI$2)-(AI$2/(AI$3-AI$2))))) -> 27.751018 | AJ8: =MAX(AJ$5,MIN(AJ$4,AJ$1*(X8/(AJ$2-AJ$3)-(AJ$3/(AJ$2-AJ$3))))) -> 3.4 | AK8: =MAX(AK$5,MIN(AK$4,AK$1*(T8/(AK$2-AK$3)-(AK$3/(AK$2-AK$3))))) -> 2.6666667 | AL8: =MAX(AL$5,MIN(AL$4,AL$1*(V8/(AL$2-AL$3)-(AL$3/(AL$2-AL$3))))) -> 5 | AM8: =ROUND(SUM(AD8:AL8),0) -> 95 | AN8: =IF(AND(AB8<=AN$2,OR(AND(O8>=AO$3,L8>=AN$3),AND(O8>=AO$4,L8>=AN$4))),AM8,0) -> 95 | AO8: 816 | AP8: 0 | AQ8: 0 | AR8: =SUM(AO8:AQ8) -> 816 | AS8: =IF(AO8>0,ROUNDUP($AO8*AS$3,0),0) -> 653 | AT8: =AR8-AS8 -> 163 | AU8: =IF(AO8>0,ROUND(AN8/$AN$1*AU$3,0),0) -> 618 | AV8: =AU8+AS8 -> 1271 | AW8: =AV8-AR8 -> 455 | AX8: =IFERROR(AV8/AR8,0) -> 1.557598 | AY8: =AU8 -> 618 | AZ8: =IF(O8<18,IF(AND(I8>0,I8<=60),60,IF(AND(I8>60,I8<=120),70,IF(AND(I8>120,I8<=200),80,IF(I8>200,90,0)))),IF(O8>=18,IF(AND(I8>0,I8<=60),70,IF(AND(I8>60,I8<=120),80,IF(AND(I8>120,I8<=200),90,100))))) -> 90 | BB8: =AU8-AY8 -> 0 | BC8: =VLOOKUP(A8,ImportDataWA!A$14:AG$112,33,0) -> 98.232002 | BD8: =AU8-AY8 -> 0
A9: Ali Abdul Zahra Jasim | B9: =VLOOKUP($A9,MainData!$A$4:$E$1967,2,FALSE) -> SE | C9: =VLOOKUP($A9,MainData!$A$4:$E$1967,3,FALSE) -> Ali Kadhum Wshah | D9: =VLOOKUP($A9,MainData!$A$4:$E$1967,4,FALSE) -> Basra | E9: =VLOOKUP($A9,MainData!$A$4:$E$1967,5,FALSE) -> Ammar Jawad hasan | F9: =SUMIFS(MainData!G:G,MainData!$A:$A,$A9) -> 698513.51 | G9: =IF($B9=$B$4,0,IF($B9=$B$1,$E$1,IF($B9=$B$2,$E$2,IF($B9=$B$3,$E$3)))) -> 2111111.1 | H9: =IFERROR(F9/G9,0) -> 0.33087482 | I9: =SUMIFS(MainData!F:F,MainData!$A:$A,$A9) -> 46 | J9: =IF($B9=$B$4,0,IF($B9=$B$2,ROUND(J$2/$C$2,0),IF($B9=$B$3,ROUND(J$3/$C$3,0),ROUND(J$1/$C$1,0)))) -> 222 | K9: =IFERROR(I9/J9,0) -> 0.20720721 | L9: =SUMIFS(MainData!K:K,MainData!$A:$A,$A9) -> 0 | M9: =IF($B9=$B$4,0,IF($B9=$B$1,$K$1,IF($B9=$B$2,$K$2,IF($B9=$B$3,$K$3)))) -> 94696.97 | N9: =IFERROR(L9/M9,0) -> 0 | O9: =SUMIFS(MainData!J:J,MainData!$A:$A,$A9) -> 0 | P9: =IF($B9=$B$4,0,IF($B9=$B$1,VLOOKUP(D9,Target_Entry!$A$8:$AF$23,5,0),IF(LO!B9=LO!$B$2,VLOOKUP(LO!D9,Target_Entry!$A$8:$AF$23,25,0),IF(LO!B9=LO!$B$3,VLOOKUP(LO!D9,Target_Entry!$A$8:$AF$23,15,0))))) -> 3 | Q9: =IFERROR(O9/P9,0) -> 0 | R9: =SUMIFS(MainData!J:J,MainData!$A:$A,$A9) -> 0 | S9: =SUMIFS(MainData!M:M,MainData!$A:$A,$A9) -> 0 | T9: =IFERROR(S9/R9,0) -> 0 | U9: =SUMIFS(MainData!L:L,MainData!$A:$A,$A9) -> 0 | V9: =IFERROR(U9/R9,0) -> 0 | W9: =SUMIFS(MainData!F:F,MainData!$A:$A,$A9) -> 46 | X9: =IF($B9=$B$2,W9/X$3,W9/X$2) -> 0.46 | Y9: =SUMIFS(MainData!H:H,MainData!$A:$A,$A9) -> 47517.301 | Z9: =IFERROR(Y9/$F9,0) -> 0.068026316 | AA9: =SUMIFS(MainData!I:I,MainData!$A:$A,$A9) -> 87049.46 | AB9: =IFERROR(AA9/$F9,0) -> 0.12462101 | AD9: =MAX(AD$5,MIN(AD$4,AD$1*(H9/(AD$2-AD$3)-(AD$3/(AD$2-AD$3))))) -> 0 | AE9: =MAX(AE$5,MIN(AE$4,AE$1*(K9/(AE$2-AE$3)-(AE$3/(AE$2-AE$3))))) -> 0 | AF9: =MAX(AF$5,MIN(AF$4,AF$1*(N9/(AF$2-AF$3)-(AF$3/(AF$2-AF$3))))) -> 0 | AG9: =MAX(AG$5,MIN(AG$4,AG$1*(Q9/(AG$2-AG$3)-(AG$3/(AG$2-AG$3))))) -> 0 | AH9: =MIN(AH$4,MAX(AH$5,AH$1-AH$1*(Z9/(AH$3-AH$2)-(AH$2/(AH$3-AH$2))))) -> 0 | AI9: =MIN(AI$4,MAX(AI$5,AI$1-AI$1*(AB9/(AI$3-AI$2)-(AI$2/(AI$3-AI$2))))) -> 6.344747 | AJ9: =MAX(AJ$5,MIN(AJ$4,AJ$1*(X9/(AJ$2-AJ$3)-(AJ$3/(AJ$2-AJ$3))))) -> 0 | AK9: =MAX(AK$5,MIN(AK$4,AK$1*(T9/(AK$2-AK$3)-(AK$3/(AK$2-AK$3))))) -> 0 | AL9: =MAX(AL$5,MIN(AL$4,AL$1*(V9/(AL$2-AL$3)-(AL$3/(AL$2-AL$3))))) -> 0 | AM9: =ROUND(SUM(AD9:AL9),0) -> 6 | AN9: =IF(AND(AB9<=AN$2,OR(AND(O9>=AO$3,L9>=AN$3),AND(O9>=AO$4,L9>=AN$4))),AM9,0) -> 0 | AR9: =SUM(AO9:AQ9) -> 0 | AS9: =IF(AO9>0,ROUNDUP($AO9*AS$3,0),0) -> 0 | AT9: =AR9-AS9 -> 0 | AU9: =IF(AO9>0,ROUND(AN9/$AN$1*AU$3,0),0) -> 0 | AV9: =AU9+AS9 -> 0 | AW9: =AV9-AR9 -> 0 | AX9: =IFERROR(AV9/AR9,0) -> 0 | AY9: =IF(O9<3,0,0)+IF(O9=3,300,0)+IF(O9=4,400,0)+IF(O9=5,500,0)+IF(O9=6,600,0) -> 0 | AZ9: =IF(O9<3,75)+IF(O9=3,150)+IF(O9=4,150)+IF(O9=5,150)+IF(O9>=6,200) -> 75 | BB9: =AU9-AY9 -> 0 | BC9: =VLOOKUP(A9,ImportDataWA!A$14:AG$112,33,0) -> 95.752249 | BD9: =AU9-AY9 -> 0
A10: Ahmad Tariq Sakban | B10: =VLOOKUP($A10,MainData!$A$4:$E$1967,2,FALSE) -> Inactive | C10: =VLOOKUP($A10,MainData!$A$4:$E$1967,3,FALSE) -> Inactive | D10: =VLOOKUP($A10,MainData!$A$4:$E$1967,4,FALSE) -> Basra | E10: =VLOOKUP($A10,MainData!$A$4:$E$1967,5,FALSE) -> Inactive | F10: =SUMIFS(MainData!G:G,MainData!$A:$A,$A10) -> 0 | G10: =IF($B10=$B$4,0,IF($B10=$B$1,$E$1,IF($B10=$B$2,$E$2,IF($B10=$B$3,$E$3)))) -> 0 | H10: =IFERROR(F10/G10,0) -> 0 | I10: =SUMIFS(MainData!F:F,MainData!$A:$A,$A10) -> 0 | J10: =IF($B10=$B$4,0,IF($B10=$B$2,ROUND(J$2/$C$2,0),IF($B10=$B$3,ROUND(J$3/$C$3,0),ROUND(J$1/$C$1,0)))) -> 0 | K10: =IFERROR(I10/J10,0) -> 0 | L10: =SUMIFS(MainData!K:K,MainData!$A:$A,$A10) -> 0 | M10: =IF($B10=$B$4,0,IF($B10=$B$1,$K$1,IF($B10=$B$2,$K$2,IF($B10=$B$3,$K$3)))) -> 0 | N10: =IFERROR(L10/M10,0) -> 0 | O10: =SUMIFS(MainData!J:J,MainData!$A:$A,$A10) -> 0 | P10: =IF($B10=$B$4,0,IF($B10=$B$1,VLOOKUP(D10,Target_Entry!$A$8:$AF$23,5,0),IF(LO!B10=LO!$B$2,VLOOKUP(LO!D10,Target_Entry!$A$8:$AF$23,25,0),IF(LO!B10=LO!$B$3,VLOOKUP(LO!D10,Target_Entry!$A$8:$AF$23,15,0))))) -> 0 | Q10: =IFERROR(O10/P10,0) -> 0 | R10: =SUMIFS(MainData!J:J,MainData!$A:$A,$A10) -> 0 | S10: =SUMIFS(MainData!M:M,MainData!$A:$A,$A10) -> 0 | T10: =IFERROR(S10/R10,0) -> 0 | U10: =SUMIFS(MainData!L:L,MainData!$A:$A,$A10) -> 0 | V10: =IFERROR(U10/R10,0) -> 0 | W10: =SUMIFS(MainData!F:F,MainData!$A:$A,$A10) -> 0 | X10: =IF($B10=$B$2,W10/X$3,W10/X$2) -> 0 | Y10: =SUMIFS(MainData!H:H,MainData!$A:$A,$A10) -> 0 | Z10: =IFERROR(Y10/$F10,0) -> 0 | AA10: =SUMIFS(MainData!I:I,MainData!$A:$A,$A10) -> 0 | AB10: =IFERROR(AA10/$F10,0) -> 0 | AD10: =MAX(AD$5,MIN(AD$4,AD$1*(H10/(AD$2-AD$3)-(AD$3/(AD$2-AD$3))))) -> 0 | AE10: =MAX(AE$5,MIN(AE$4,AE$1*(K10/(AE$2-AE$3)-(AE$3/(AE$2-AE$3))))) -> 0 | AF10: =MAX(AF$5,MIN(AF$4,AF$1*(N10/(AF$2-AF$3)-(AF$3/(AF$2-AF$3))))) -> 0 | AG10: =MAX(AG$5,MIN(AG$4,AG$1*(Q10/(AG$2-AG$3)-(AG$3/(AG$2-AG$3))))) -> 0 | AH10: =MIN(AH$4,MAX(AH$5,AH$1-AH$1*(Z10/(AH$3-AH$2)-(AH$2/(AH$3-AH$2))))) -> 15 | AI10: =MIN(AI$4,MAX(AI$5,AI$1-AI$1*(AB10/(AI$3-AI$2)-(AI$2/(AI$3-AI$2))))) -> 37.5 | AJ10: =MAX(AJ$5,MIN(AJ$4,AJ$1*(X10/(AJ$2-AJ$3)-(AJ$3/(AJ$2-AJ$3))))) -> 0 | AK10: =MAX(AK$5,MIN(AK$4,AK$1*(T10/(AK$2-AK$3)-(AK$3/(AK$2-AK$3))))) -> 0 | AL10: =MAX(AL$5,MIN(AL$4,AL$1*(V10/(AL$2-AL$3)-(AL$3/(AL$2-AL$3))))) -> 0 | AM10: =ROUND(SUM(AD10:AL10),0) -> 53 | AN10: =IF(AND(AB10<=AN$2,OR(AND(O10>=AO$3,L10>=AN$3),AND(O10>=AO$4,L10>=AN$4))),AM10,0) -> 0 | AO10: 738 | AP10: 0 | AQ10: 10 | AR10: =SUM(AO10:AQ10) -> 748 | AS10: =IF(AO10>0,ROUNDUP($AO10*AS$3,0),0) -> 591 | AT10: =AR10-AS10 -> 157 | AU10: =IF(AO10>0,ROUND(AN10/$AN$1*AU$3,0),0) -> 0 | AV10: =AU10+AS10 -> 591 | AW10: =AV10-AR10 -> -157 | AX10: =IFERROR(AV10/AR10,0) -> 0.79010695 | AY10: =AU10 -> 0 | AZ10: =IF(O10<18,IF(AND(I10>0,I10<=60),60,IF(AND(I10>60,I10<=120),70,IF(AND(I10>120,I10<=200),80,IF(I10>200,90,0)))),IF(O10>=18,IF(AND(I10>0,I10<=60),70,IF(AND(I10>60,I10<=120),80,IF(AND(I10>120,I10<=200),90,100))))) -> 0 | BB10: =AU10-AY10 -> 0 | BC10: =VLOOKUP(A10,ImportDataWA!A$14:AG$112,33,0) -> #N/A | BD10: =AU10-AY10 -> 0
A11: ZZ LOS Ali Kadhum Wshah | B11: =VLOOKUP($A11,MainData!$A$4:$E$1967,2,FALSE) -> Inactive | C11: =VLOOKUP($A11,MainData!$A$4:$E$1967,3,FALSE) -> Inactive | D11: =VLOOKUP($A11,MainData!$A$4:$E$1967,4,FALSE) -> Basra | E11: =VLOOKUP($A11,MainData!$A$4:$E$1967,5,FALSE) -> Inactive | F11: =SUMIFS(MainData!G:G,MainData!$A:$A,$A11) -> 0 | G11: =IF($B11=$B$4,0,IF($B11=$B$1,$E$1,IF($B11=$B$2,$E$2,IF($B11=$B$3,$E$3)))) -> 0 | H11: =IFERROR(F11/G11,0) -> 0 | I11: =SUMIFS(MainData!F:F,MainData!$A:$A,$A11) -> 0 | J11: =IF($B11=$B$4,0,IF($B11=$B$2,ROUND(J$2/$C$2,0),IF($B11=$B$3,ROUND(J$3/$C$3,0),ROUND(J$1/$C$1,0)))) -> 0 | K11: =IFERROR(I11/J11,0) -> 0 | L11: =SUMIFS(MainData!K:K,MainData!$A:$A,$A11) -> 0 | M11: =IF($B11=$B$4,0,IF($B11=$B$1,$K$1,IF($B11=$B$2,$K$2,IF($B11=$B$3,$K$3)))) -> 0 | N11: =IFERROR(L11/M11,0) -> 0 | O11: =SUMIFS(MainData!J:J,MainData!$A:$A,$A11) -> 0 | P11: =IF($B11=$B$4,0,IF($B11=$B$1,VLOOKUP(D11,Target_Entry!$A$8:$AF$23,5,0),IF(LO!B11=LO!$B$2,VLOOKUP(LO!D11,Target_Entry!$A$8:$AF$23,25,0),IF(LO!B11=LO!$B$3,VLOOKUP(LO!D11,Target_Entry!$A$8:$AF$23,15,0))))) -> 0 | Q11: =IFERROR(O11/P11,0) -> 0 | R11: =SUMIFS(MainData!J:J,MainData!$A:$A,$A11) -> 0 | S11: =SUMIFS(MainData!M:M,MainData!$A:$A,$A11) -> 0 | T11: =IFERROR(S11/R11,0) -> 0 | U11: =SUMIFS(MainData!L:L,MainData!$A:$A,$A11) -> 0 | V11: =IFERROR(U11/R11,0) -> 0 | W11: =SUMIFS(MainData!F:F,MainData!$A:$A,$A11) -> 0 | X11: =IF($B11=$B$2,W11/X$3,W11/X$2) -> 0 | Y11: =SUMIFS(MainData!H:H,MainData!$A:$A,$A11) -> 0 | Z11: =IFERROR(Y11/$F11,0) -> 0 | AA11: =SUMIFS(MainData!I:I,MainData!$A:$A,$A11) -> 0 | AB11: =IFERROR(AA11/$F11,0) -> 0 | AD11: =MAX(AD$5,MIN(AD$4,AD$1*(H11/(AD$2-AD$3)-(AD$3/(AD$2-AD$3))))) -> 0 | AE11: =MAX(AE$5,MIN(AE$4,AE$1*(K11/(AE$2-AE$3)-(AE$3/(AE$2-AE$3))))) -> 0 | AF11: =MAX(AF$5,MIN(AF$4,AF$1*(N11/(AF$2-AF$3)-(AF$3/(AF$2-AF$3))))) -> 0 | AG11: =MAX(AG$5,MIN(AG$4,AG$1*(Q11/(AG$2-AG$3)-(AG$3/(AG$2-AG$3))))) -> 0 | AH11: =MIN(AH$4,MAX(AH$5,AH$1-AH$1*(Z11/(AH$3-AH$2)-(AH$2/(AH$3-AH$2))))) -> 15 | AI11: =MIN(AI$4,MAX(AI$5,AI$1-AI$1*(AB11/(AI$3-AI$2)-(AI$2/(AI$3-AI$2))))) -> 37.5 | AJ11: =MAX(AJ$5,MIN(AJ$4,AJ$1*(X11/(AJ$2-AJ$3)-(AJ$3/(AJ$2-AJ$3))))) -> 0 | AK11: =MAX(AK$5,MIN(AK$4,AK$1*(T11/(AK$2-AK$3)-(AK$3/(AK$2-AK$3))))) -> 0 | AL11: =MAX(AL$5,MIN(AL$4,AL$1*(V11/(AL$2-AL$3)-(AL$3/(AL$2-AL$3))))) -> 0 | AM11: =ROUND(SUM(AD11:AL11),0) -> 53 | AN11: =IF(AND(AB11<=AN$2,OR(AND(O11>=AO$3,L11>=AN$3),AND(O11>=AO$4,L11>=AN$4))),AM11,0) -> 0 | AR11: =SUM(AO11:AQ11) -> 0 | AS11: =IF(AO11>0,ROUNDUP($AO11*AS$3,0),0) -> 0 | AT11: =AR11-AS11 -> 0 | AU11: =IF(AO11>0,ROUND(AN11/$AN$1*AU$3,0),0) -> 0 | AV11: =AU11+AS11 -> 0 | AW11: =AV11-AR11 -> 0 | AX11: =IFERROR(AV11/AR11,0) -> 0 | AY11: =IF(O11<3,0,0)+IF(O11=3,300,0)+IF(O11=4,400,0)+IF(O11=5,500,0)+IF(O11=6,600,0) -> 0 | AZ11: =IF(O11<3,75)+IF(O11=3,150)+IF(O11=4,150)+IF(O11=5,150)+IF(O11>=6,200) -> 75 | BA11: 24 | BB11: =AU11-AY11 -> 0 | BC11: =VLOOKUP(A11,ImportDataWA!A$14:AG$112,33,0) -> #N/A | BD11: =AU11-AY11 -> 0
A12: ZZ Collection Humam Jameel Kanaw | B12: =VLOOKUP($A12,MainData!$A$4:$E$1967,2,FALSE) -> Inactive | C12: =VLOOKUP($A12,MainData!$A$4:$E$1967,3,FALSE) -> Inactive | D12: =VLOOKUP($A12,MainData!$A$4:$E$1967,4,FALSE) -> 0 | E12: =VLOOKUP($A12,MainData!$A$4:$E$1967,5,FALSE) -> Inactive | F12: =SUMIFS(MainData!G:G,MainData!$A:$A,$A12) -> 0 | G12: =IF($B12=$B$4,0,IF($B12=$B$1,$E$1,IF($B12=$B$2,$E$2,IF($B12=$B$3,$E$3)))) -> 0 | H12: =IFERROR(F12/G12,0) -> 0 | I12: =SUMIFS(MainData!F:F,MainData!$A:$A,$A12) -> 0 | J12: =IF($B12=$B$4,0,IF($B12=$B$2,ROUND(J$2/$C$2,0),IF($B12=$B$3,ROUND(J$3/$C$3,0),ROUND(J$1/$C$1,0)))) -> 0 | K12: =IFERROR(I12/J12,0) -> 0 | L12: =SUMIFS(MainData!K:K,MainData!$A:$A,$A12) -> 0 | M12: =IF($B12=$B$4,0,IF($B12=$B$1,$K$1,IF($B12=$B$2,$K$2,IF($B12=$B$3,$K$3)))) -> 0 | N12: =IFERROR(L12/M12,0) -> 0 | O12: =SUMIFS(MainData!J:J,MainData!$A:$A,$A12) -> 0 | P12: =IF($B12=$B$4,0,IF($B12=$B$1,VLOOKUP(D12,Target_Entry!$A$8:$AF$23,5,0),IF(LO!B12=LO!$B$2,VLOOKUP(LO!D12,Target_Entry!$A$8:$AF$23,25,0),IF(LO!B12=LO!$B$3,VLOOKUP(LO!D12,Target_Entry!$A$8:$AF$23,15,0))))) -> 0 | Q12: =IFERROR(O12/P12,0) -> 0 | R12: =SUMIFS(MainData!J:J,MainData!$A:$A,$A12) -> 0 | S12: =SUMIFS(MainData!M:M,MainData!$A:$A,$A12) -> 0 | T12: =IFERROR(S12/R12,0) -> 0 | U12: =SUMIFS(MainData!L:L,MainData!$A:$A,$A12) -> 0 | V12: =IFERROR(U12/R12,0) -> 0 | W12: =SUMIFS(MainData!F:F,MainData!$A:$A,$A12) -> 0 | X12: =IF($B12=$B$2,W12/X$3,W12/X$2) -> 0 | Y12: =SUMIFS(MainData!H:H,MainData!$A:$A,$A12) -> 0 | Z12: =IFERROR(Y12/$F12,0) -> 0 | AA12: =SUMIFS(MainData!I:I,MainData!$A:$A,$A12) -> 0 | AB12: =IFERROR(AA12/$F12,0) -> 0
A13: Ahmad Hatrosh Muhammad | B13: =VLOOKUP($A13,MainData!$A$4:$E$1967,2,FALSE) -> VSE | C13: =VLOOKUP($A13,MainData!$A$4:$E$1967,3,FALSE) -> Ali Kadhum Wshah | D13: =VLOOKUP($A13,MainData!$A$4:$E$1967,4,FALSE) -> Basra | E13: =VLOOKUP($A13,MainData!$A$4:$E$1967,5,FALSE) -> Adel Abdul Ameer Farhod | F13: =SUMIFS(MainData!G:G,MainData!$A:$A,$A13) -> 985481.07 | G13: =IF($B13=$B$4,0,IF($B13=$B$1,$E$1,IF($B13=$B$2,$E$2,IF($B13=$B$3,$E$3)))) -> 777777.78 | H13: =IFERROR(F13/G13,0) -> 1.2670471 | I13: =SUMIFS(MainData!F:F,MainData!$A:$A,$A13) -> 267 | J13: =IF($B13=$B$4,0,IF($B13=$B$2,ROUND(J$2/$C$2,0),IF($B13=$B$3,ROUND(J$3/$C$3,0),ROUND(J$1/$C$1,0)))) -> 889 | K13: =IFERROR(I13/J13,0) -> 0.30033746 | L13: =SUMIFS(MainData!K:K,MainData!$A:$A,$A13) -> 81060.606 | M13: =IF($B13=$B$4,0,IF($B13=$B$1,$K$1,IF($B13=$B$2,$K$2,IF($B13=$B$3,$K$3)))) -> 79545.45 | N13: =IFERROR(L13/M13,0) -> 1.0190477 | O13: =SUMIFS(MainData!J:J,MainData!$A:$A,$A13) -> 12 | P13: =IF($B13=$B$4,0,IF($B13=$B$1,VLOOKUP(D13,Target_Entry!$A$8:$AF$23,5,0),IF(LO!B13=LO!$B$2,VLOOKUP(LO!D13,Target_Entry!$A$8:$AF$23,25,0),IF(LO!B13=LO!$B$3,VLOOKUP(LO!D13,Target_Entry!$A$8:$AF$23,15,0))))) -> 8 | Q13: =IFERROR(O13/P13,0) -> 1.5 | R13: =SUMIFS(MainData!J:J,MainData!$A:$A,$A13) -> 12 | S13: =SUMIFS(MainData!M:M,MainData!$A:$A,$A13) -> 8 | T13: =IFERROR(S13/R13,0) -> 0.66666667 | U13: =SUMIFS(MainData!L:L,MainData!$A:$A,$A13) -> 3 | V13: =IFERROR(U13/R13,0) -> 0.25 | W13: =SUMIFS(MainData!F:F,MainData!$A:$A,$A13) -> 267 | X13: =IF($B13=$B$2,W13/X$3,W13/X$2) -> 1.068 | Y13: =SUMIFS(MainData!H:H,MainData!$A:$A,$A13) -> 29157.528 | Z13: =IFERROR(Y13/$F13,0) -> 0.029587101 | AA13: =SUMIFS(MainData!I:I,MainData!$A:$A,$A13) -> 20333.368 | AB13: =IFERROR(AA13/$F13,0) -> 0.020632937 | AD13: =MAX(AD$5,MIN(AD$4,AD$1*(H13/(AD$2-AD$3)-(AD$3/(AD$2-AD$3))))) -> 10 | AE13: =MAX(AE$5,MIN(AE$4,AE$1*(K13/(AE$2-AE$3)-(AE$3/(AE$2-AE$3))))) -> 0 | AF13: =MAX(AF$5,MIN(AF$4,AF$1*(N13/(AF$2-AF$3)-(AF$3/(AF$2-AF$3))))) -> 31.904768 | AG13: =MAX(AG$5,MIN(AG$4,AG$1*(Q13/(AG$2-AG$3)-(AG$3/(AG$2-AG$3))))) -> 0 | AH13: =MIN(AH$4,MAX(AH$5,AH$1-AH$1*(Z13/(AH$3-AH$2)-(AH$2/(AH$3-AH$2))))) -> 6.1238696 | AI13: =MIN(AI$4,MAX(AI$5,AI$1-AI$1*(AB13/(AI$3-AI$2)-(AI$2/(AI$3-AI$2))))) -> 32.341766 | AJ13: =MAX(AJ$5,MIN(AJ$4,AJ$1*(X13/(AJ$2-AJ$3)-(AJ$3/(AJ$2-AJ$3))))) -> 5 | AK13: =MAX(AK$5,MIN(AK$4,AK$1*(T13/(AK$2-AK$3)-(AK$3/(AK$2-AK$3))))) -> 4.6666667 | AL13: =MAX(AL$5,MIN(AL$4,AL$1*(V13/(AL$2-AL$3)-(AL$3/(AL$2-AL$3))))) -> 4.1666667 | AM13: =ROUND(SUM(AD13:AL13),0) -> 94 | AN13: =IF(AND(AB13<=AN$2,OR(AND(O13>=AO$3,L13>=AN$3),AND(O13>=AO$4,L13>=AN$4))),AM13,0) -> 94 | AO13: 715 | AP13: 255 | AQ13: 325 | AR13: =SUM(AO13:AQ13) -> 1295 | AS13: =IF(AO13>0,ROUNDUP($AO13*AS$3,0),0) -> 572 | AT13: =AR13-AS13 -> 723 | AU13: =IF(AO13>0,ROUND(AN13/$AN$1*AU$3,0),0) -> 611 | AV13: =AU13+AS13 -> 1183 | AW13: =AV13-AR13 -> -112 | AX13: =IFERROR(AV13/AR13,0) -> 0.91351351 | AY13: =AU13 -> 611 | AZ13: =IF(O13<18,IF(AND(I13>0,I13<=60),60,IF(AND(I13>60,I13<=120),70,IF(AND(I13>120,I13<=200),80,IF(I13>200,90,0)))),IF(O13>=18,IF(AND(I13>0,I13<=60),70,IF(AND(I13>60,I13<=120),80,IF(AND(I13>120,I13<=200),90,100))))) -> 90 | BB13: =AU13-AY13 -> 0 | BC13: =VLOOKUP(A13,ImportDataWA!A$14:AG$112,33,0) -> 99.396782 | BD13: =AU13-AY13 -> 0
A14: Quit Hussain Jawad Kadhum | B14: =VLOOKUP($A14,MainData!$A$4:$E$1967,2,FALSE) -> Inactive | C14: =VLOOKUP($A14,MainData!$A$4:$E$1967,3,FALSE) -> Inactive | D14: =VLOOKUP($A14,MainData!$A$4:$E$1967,4,FALSE) -> Basra | E14: =VLOOKUP($A14,MainData!$A$4:$E$1967,5,FALSE) -> Inactive | F14: =SUMIFS(MainData!G:G,MainData!$A:$A,$A14) -> 2487.4725 | G14: =IF($B14=$B$4,0,IF($B14=$B$1,$E$1,IF($B14=$B$2,$E$2,IF($B14=$B$3,$E$3)))) -> 0 | H14: =IFERROR(F14/G14,0) -> 0 | I14: =SUMIFS(MainData!F:F,MainData!$A:$A,$A14) -> 1 | J14: =IF($B14=$B$4,0,IF($B14=$B$2,ROUND(J$2/$C$2,0),IF($B14=$B$3,ROUND(J$3/$C$3,0),ROUND(J$1/$C$1,0)))) -> 0 | K14: =IFERROR(I14/J14,0) -> 0 | L14: =SUMIFS(MainData!K:K,MainData!$A:$A,$A14) -> 0 | M14: =IF($B14=$B$4,0,IF($B14=$B$1,$K$1,IF($B14=$B$2,$K$2,IF($B14=$B$3,$K$3)))) -> 0 | N14: =IFERROR(L14/M14,0) -> 0 | O14: =SUMIFS(MainData!J:J,MainData!$A:$A,$A14) -> 0 | P14: =IF($B14=$B$4,0,IF($B14=$B$1,VLOOKUP(D14,Target_Entry!$A$8:$AF$23,5,0),IF(LO!B14=LO!$B$2,VLOOKUP(LO!D14,Target_Entry!$A$8:$AF$23,25,0),IF(LO!B14=LO!$B$3,VLOOKUP(LO!D14,Target_Entry!$A$8:$AF$23,15,0))))) -> 0 | Q14: =IFERROR(O14/P14,0) -> 0 | R14: =SUMIFS(MainData!J:J,MainData!$A:$A,$A14) -> 0 | S14: =SUMIFS(MainData!M:M,MainData!$A:$A,$A14) -> 0 | T14: =IFERROR(S14/R14,0) -> 0 | U14: =SUMIFS(MainData!L:L,MainData!$A:$A,$A14) -> 0 | V14: =IFERROR(U14/R14,0) -> 0 | W14: =SUMIFS(MainData!F:F,MainData!$A:$A,$A14) -> 1 | X14: =IF($B14=$B$2,W14/X$3,W14/X$2) -> 0.004 | Y14: =SUMIFS(MainData!H:H,MainData!$A:$A,$A14) -> 0 | Z14: =IFERROR(Y14/$F14,0) -> 0 | AA14: =SUMIFS(MainData!I:I,MainData!$A:$A,$A14) -> 0 | AB14: =IFERROR(AA14/$F14,0) -> 0 | AD14: =MAX(AD$5,MIN(AD$4,AD$1*(H14/(AD$2-AD$3)-(AD$3/(AD$2-AD$3))))) -> 0 | AE14: =MAX(AE$5,MIN(AE$4,AE$1*(K14/(AE$2-AE$3)-(AE$3/(AE$2-AE$3))))) -> 0 | AF14: =MAX(AF$5,MIN(AF$4,AF$1*(N14/(AF$2-AF$3)-(AF$3/(AF$2-AF$3))))) -> 0 | AG14: =MAX(AG$5,MIN(AG$4,AG$1*(Q14/(AG$2-AG$3)-(AG$3/(AG$2-AG$3))))) -> 0 | AH14: =MIN(AH$4,MAX(AH$5,AH$1-AH$1*(Z14/(AH$3-AH$2)-(AH$2/(AH$3-AH$2))))) -> 15 | AI14: =MIN(AI$4,MAX(AI$5,AI$1-AI$1*(AB14/(AI$3-AI$2)-(AI$2/(AI$3-AI$2))))) -> 37.5 | AJ14: =MAX(AJ$5,MIN(AJ$4,AJ$1*(X14/(AJ$2-AJ$3)-(AJ$3/(AJ$2-AJ$3))))) -> 0 | AK14: =MAX(AK$5,MIN(AK$4,AK$1*(T14/(AK$2-AK$3)-(AK$3/(AK$2-AK$3))))) -> 0 | AL14: =MAX(AL$5,MIN(AL$4,AL$1*(V14/(AL$2-AL$3)-(AL$3/(AL$2-AL$3))))) -> 0 | AM14: =ROUND(SUM(AD14:AL14),0) -> 53 | AN14: =IF(AND(AB14<=AN$2,OR(AND(O14>=AO$3,L14>=AN$3),AND(O14>=AO$4,L14>=AN$4))),AM14,0) -> 0 | AO14: 729 | AP14: 0 | AQ14: 0 | AR14: =SUM(AO14:AQ14) -> 729 | AS14: =IF(AO14>0,ROUNDUP($AO14*AS$3,0),0) -> 584 | AT14: =AR14-AS14 -> 145 | AU14: =IF(AO14>0,ROUND(AN14/$AN$1*AU$3,0),0) -> 0 | AV14: =AU14+AS14 -> 584 | AW14: =AV14-AR14 -> -145 | AX14: =IFERROR(AV14/AR14,0) -> 0.80109739 | AY14: =AU14 -> 0 | AZ14: =IF(O14<18,IF(AND(I14>0,I14<=60),60,IF(AND(I14>60,I14<=120),70,IF(AND(I14>120,I14<=200),80,IF(I14>200,90,0)))),IF(O14>=18,IF(AND(I14>0,I14<=60),70,IF(AND(I14>60,I14<=120),80,IF(AND(I14>120,I14<=200),90,100))))) -> 60 | BB14: =AU14-AY14 -> 0 | BC14: =VLOOKUP(A14,ImportDataWA!A$14:AG$112,33,0) -> 100 | BD14: =AU14-AY14 -> 0
A15: ZZ Collection Laith Hussain Yousif | B15: =VLOOKUP($A15,MainData!$A$4:$E$1967,2,FALSE) -> Inactive | C15: =VLOOKUP($A15,MainData!$A$4:$E$1967,3,FALSE) -> Inactive | D15: =VLOOKUP($A15,MainData!$A$4:$E$1967,4,FALSE) -> Basra | E15: =VLOOKUP($A15,MainData!$A$4:$E$1967,5,FALSE) -> Inactive | F15: =SUMIFS(MainData!G:G,MainData!$A:$A,$A15) -> 0 | G15: =IF($B15=$B$4,0,IF($B15=$B$1,$E$1,IF($B15=$B$2,$E$2,IF($B15=$B$3,$E$3)))) -> 0 | H15: =IFERROR(F15/G15,0) -> 0 | I15: =SUMIFS(MainData!F:F,MainData!$A:$A,$A15) -> 0 | J15: =IF($B15=$B$4,0,IF($B15=$B$2,ROUND(J$2/$C$2,0),IF($B15=$B$3,ROUND(J$3/$C$3,0),ROUND(J$1/$C$1,0)))) -> 0 | K15: =IFERROR(I15/J15,0) -> 0 | L15: =SUMIFS(MainData!K:K,MainData!$A:$A,$A15) -> 0 | M15: =IF($B15=$B$4,0,IF($B15=$B$1,$K$1,IF($B15=$B$2,$K$2,IF($B15=$B$3,$K$3)))) -> 0 | N15: =IFERROR(L15/M15,0) -> 0 | O15: =SUMIFS(MainData!J:J,MainData!$A:$A,$A15) -> 0 | P15: =IF($B15=$B$4,0,IF($B15=$B$1,VLOOKUP(D15,Target_Entry!$A$8:$AF$23,5,0),IF(LO!B15=LO!$B$2,VLOOKUP(LO!D15,Target_Entry!$A$8:$AF$23,25,0),IF(LO!B15=LO!$B$3,VLOOKUP(LO!D15,Target_Entry!$A$8:$AF$23,15,0))))) -> 0 | Q15: =IFERROR(O15/P15,0) -> 0 | R15: =SUMIFS(MainData!J:J,MainData!$A:$A,$A15) -> 0 | S15: =SUMIFS(MainData!M:M,MainData!$A:$A,$A15) -> 0 | T15: =IFERROR(S15/R15,0) -> 0 | U15: =SUMIFS(MainData!L:L,MainData!$A:$A,$A15) -> 0 | V15: =IFERROR(U15/R15,0) -> 0 | W15: =SUMIFS(MainData!F:F,MainData!$A:$A,$A15) -> 0 | X15: =IF($B15=$B$2,W15/X$3,W15/X$2) -> 0 | Y15: =SUMIFS(MainData!H:H,MainData!$A:$A,$A15) -> 0 | Z15: =IFERROR(Y15/$F15,0) -> 0 | AA15: =SUMIFS(MainData!I:I,MainData!$A:$A,$A15) -> 0 | AB15: =IFERROR(AA15/$F15,0) -> 0 | AD15: =MAX(AD$5,MIN(AD$4,AD$1*(H15/(AD$2-AD$3)-(AD$3/(AD$2-AD$3))))) -> 0 | AE15: =MAX(AE$5,MIN(AE$4,AE$1*(K15/(AE$2-AE$3)-(AE$3/(AE$2-AE$3))))) -> 0 | AF15: =MAX(AF$5,MIN(AF$4,AF$1*(N15/(AF$2-AF$3)-(AF$3/(AF$2-AF$3))))) -> 0 | AG15: =MAX(AG$5,MIN(AG$4,AG$1*(Q15/(AG$2-AG$3)-(AG$3/(AG$2-AG$3))))) -> 0 | AH15: =MIN(AH$4,MAX(AH$5,AH$1-AH$1*(Z15/(AH$3-AH$2)-(AH$2/(AH$3-AH$2))))) -> 15 | AI15: =MIN(AI$4,MAX(AI$5,AI$1-AI$1*(AB15/(AI$3-AI$2)-(AI$2/(AI$3-AI$2))))) -> 37.5 | AJ15: =MAX(AJ$5,MIN(AJ$4,AJ$1*(X15/(AJ$2-AJ$3)-(AJ$3/(AJ$2-AJ$3))))) -> 0 | AK15: =MAX(AK$5,MIN(AK$4,AK$1*(T15/(AK$2-AK$3)-(AK$3/(AK$2-AK$3))))) -> 0 | AL15: =MAX(AL$5,MIN(AL$4,AL$1*(V15/(AL$2-AL$3)-(AL$3/(AL$2-AL$3))))) -> 0 | AM15: =ROUND(SUM(AD15:AL15),0) -> 53 | AN15: =IF(AND(AB15<=AN$2,OR(AND(O15>=AO$3,L15>=AN$3),AND(O15>=AO$4,L15>=AN$4))),AM15,0) -> 0 | BC15: =VLOOKUP(A15,ImportDataWA!A$14:AG$112,33,0) -> #N/A
A16: ZZ Collection Muhammad Asaad Abdul Emam | B16: =VLOOKUP($A16,MainData!$A$4:$E$1967,2,FALSE) -> Inactive | C16: =VLOOKUP($A16,MainData!$A$4:$E$1967,3,FALSE) -> Inactive | D16: =VLOOKUP($A16,MainData!$A$4:$E$1967,4,FALSE) -> Basra | E16: =VLOOKUP($A16,MainData!$A$4:$E$1967,5,FALSE) -> Inactive | F16: =SUMIFS(MainData!G:G,MainData!$A:$A,$A16) -> 0 | G16: =IF($B16=$B$4,0,IF($B16=$B$1,$E$1,IF($B16=$B$2,$E$2,IF($B16=$B$3,$E$3)))) -> 0 | H16: =IFERROR(F16/G16,0) -> 0 | I16: =SUMIFS(MainData!F:F,MainData!$A:$A,$A16) -> 0 | J16: =IF($B16=$B$4,0,IF($B16=$B$2,ROUND(J$2/$C$2,0),IF($B16=$B$3,ROUND(J$3/$C$3,0),ROUND(J$1/$C$1,0)))) -> 0 | K16: =IFERROR(I16/J16,0) -> 0 | L16: =SUMIFS(MainData!K:K,MainData!$A:$A,$A16) -> 0 | M16: =IF($B16=$B$4,0,IF($B16=$B$1,$K$1,IF($B16=$B$2,$K$2,IF($B16=$B$3,$K$3)))) -> 0 | N16: =IFERROR(L16/M16,0) -> 0 | O16: =SUMIFS(MainData!J:J,MainData!$A:$A,$A16) -> 0 | P16: =IF($B16=$B$4,0,IF($B16=$B$1,VLOOKUP(D16,Target_Entry!$A$8:$AF$23,5,0),IF(LO!B16=LO!$B$2,VLOOKUP(LO!D16,Target_Entry!$A$8:$AF$23,25,0),IF(LO!B16=LO!$B$3,VLOOKUP(LO!D16,Target_Entry!$A$8:$AF$23,15,0))))) -> 0 | Q16: =IFERROR(O16/P16,0) -> 0 | R16: =SUMIFS(MainData!J:J,MainData!$A:$A,$A16) -> 0 | S16: =SUMIFS(MainData!M:M,MainData!$A:$A,$A16) -> 0 | T16: =IFERROR(S16/R16,0) -> 0 | U16: =SUMIFS(MainData!L:L,MainData!$A:$A,$A16) -> 0 | V16: =IFERROR(U16/R16,0) -> 0 | W16: =SUMIFS(MainData!F:F,MainData!$A:$A,$A16) -> 0 | X16: =IF($B16=$B$2,W16/X$3,W16/X$2) -> 0 | Y16: =SUMIFS(MainData!H:H,MainData!$A:$A,$A16) -> 0 | Z16: =IFERROR(Y16/$F16,0) -> 0 | AA16: =SUMIFS(MainData!I:I,MainData!$A:$A,$A16) -> 0 | AB16: =IFERROR(AA16/$F16,0) -> 0 | AD16: =MAX(AD$5,MIN(AD$4,AD$1*(H16/(AD$2-AD$3)-(AD$3/(AD$2-AD$3))))) -> 0 | AE16: =MAX(AE$5,MIN(AE$4,AE$1*(K16/(AE$2-AE$3)-(AE$3/(AE$2-AE$3))))) -> 0 | AF16: =MAX(AF$5,MIN(AF$4,AF$1*(N16/(AF$2-AF$3)-(AF$3/(AF$2-AF$3))))) -> 0 | AG16: =MAX(AG$5,MIN(AG$4,AG$1*(Q16/(AG$2-AG$3)-(AG$3/(AG$2-AG$3))))) -> 0 | AH16: =MIN(AH$4,MAX(AH$5,AH$1-AH$1*(Z16/(AH$3-AH$2)-(AH$2/(AH$3-AH$2))))) -> 15 | AI16: =MIN(AI$4,MAX(AI$5,AI$1-AI$1*(AB16/(AI$3-AI$2)-(AI$2/(AI$3-AI$2))))) -> 37.5 | AJ16: =MAX(AJ$5,MIN(AJ$4,AJ$1*(X16/(AJ$2-AJ$3)-(AJ$3/(AJ$2-AJ$3))))) -> 0 | AK16: =MAX(AK$5,MIN(AK$4,AK$1*(T16/(AK$2-AK$3)-(AK$3/(AK$2-AK$3))))) -> 0 | AL16: =MAX(AL$5,MIN(AL$4,AL$1*(V16/(AL$2-AL$3)-(AL$3/(AL$2-AL$3))))) -> 0 | AM16: =ROUND(SUM(AD16:AL16),0) -> 53 | AN16: =IF(AND(AB16<=AN$2,OR(AND(O16>=AO$3,L16>=AN$3),AND(O16>=AO$4,L16>=AN$4))),AM16,0) -> 0
A17: ZZ Collection Sajad Abdul Hussain Abdul Raheem | B17: =VLOOKUP($A17,MainData!$A$4:$E$1967,2,FALSE) -> Inactive | C17: =VLOOKUP($A17,MainData!$A$4:$E$1967,3,FALSE) -> Inactive | D17: =VLOOKUP($A17,MainData!$A$4:$E$1967,4,FALSE) -> Basra | E17: =VLOOKUP($A17,MainData!$A$4:$E$1967,5,FALSE) -> Inactive | F17: =SUMIFS(MainData!G:G,MainData!$A:$A,$A17) -> 0 | G17: =IF($B17=$B$4,0,IF($B17=$B$1,$E$1,IF($B17=$B$2,$E$2,IF($B17=$B$3,$E$3)))) -> 0 | H17: =IFERROR(F17/G17,0) -> 0 | I17: =SUMIFS(MainData!F:F,MainData!$A:$A,$A17) -> 0 | J17: =IF($B17=$B$4,0,IF($B17=$B$2,ROUND(J$2/$C$2,0),IF($B17=$B$3,ROUND(J$3/$C$3,0),ROUND(J$1/$C$1,0)))) -> 0 | K17: =IFERROR(I17/J17,0) -> 0 | L17: =SUMIFS(MainData!K:K,MainData!$A:$A,$A17) -> 0 | M17: =IF($B17=$B$4,0,IF($B17=$B$1,$K$1,IF($B17=$B$2,$K$2,IF($B17=$B$3,$K$3)))) -> 0 | N17: =IFERROR(L17/M17,0) -> 0 | O17: =SUMIFS(MainData!J:J,MainData!$A:$A,$A17) -> 0 | P17: =IF($B17=$B$4,0,IF($B17=$B$1,VLOOKUP(D17,Target_Entry!$A$8:$AF$23,5,0),IF(LO!B17=LO!$B$2,VLOOKUP(LO!D17,Target_Entry!$A$8:$AF$23,25,0),IF(LO!B17=LO!$B$3,VLOOKUP(LO!D17,Target_Entry!$A$8:$AF$23,15,0))))) -> 0 | Q17: =IFERROR(O17/P17,0) -> 0 | R17: =SUMIFS(MainData!J:J,MainData!$A:$A,$A17) -> 0 | S17: =SUMIFS(MainData!M:M,MainData!$A:$A,$A17) -> 0 | T17: =IFERROR(S17/R17,0) -> 0 | U17: =SUMIFS(MainData!L:L,MainData!$A:$A,$A17) -> 0 | V17: =IFERROR(U17/R17,0) -> 0 | W17: =SUMIFS(MainData!F:F,MainData!$A:$A,$A17) -> 0 | X17: =IF($B17=$B$2,W17/X$3,W17/X$2) -> 0 | Y17: =SUMIFS(MainData!H:H,MainData!$A:$A,$A17) -> 0 | Z17: =IFERROR(Y17/$F17,0) -> 0 | AA17: =SUMIFS(MainData!I:I,MainData!$A:$A,$A17) -> 0 | AB17: =IFERROR(AA17/$F17,0) -> 0 | AD17: =MAX(AD$5,MIN(AD$4,AD$1*(H17/(AD$2-AD$3)-(AD$3/(AD$2-AD$3))))) -> 0 | AE17: =MAX(AE$5,MIN(AE$4,AE$1*(K17/(AE$2-AE$3)-(AE$3/(AE$2-AE$3))))) -> 0 | AF17: =MAX(AF$5,MIN(AF$4,AF$1*(N17/(AF$2-AF$3)-(AF$3/(AF$2-AF$3))))) -> 0 | AG17: =MAX(AG$5,MIN(AG$4,AG$1*(Q17/(AG$2-AG$3)-(AG$3/(AG$2-AG$3))))) -> 0 | AH17: =MIN(AH$4,MAX(AH$5,AH$1-AH$1*(Z17/(AH$3-AH$2)-(AH$2/(AH$3-AH$2))))) -> 15 | AI17: =MIN(AI$4,MAX(AI$5,AI$1-AI$1*(AB17/(AI$3-AI$2)-(AI$2/(AI$3-AI$2))))) -> 37.5 | AJ17: =MAX(AJ$5,MIN(AJ$4,AJ$1*(X17/(AJ$2-AJ$3)-(AJ$3/(AJ$2-AJ$3))))) -> 0 | AK17: =MAX(AK$5,MIN(AK$4,AK$1*(T17/(AK$2-AK$3)-(AK$3/(AK$2-AK$3))))) -> 0 | AL17: =MAX(AL$5,MIN(AL$4,AL$1*(V17/(AL$2-AL$3)-(AL$3/(AL$2-AL$3))))) -> 0 | AM17: =ROUND(SUM(AD17:AL17),0) -> 53 | AN17: =IF(AND(AB17<=AN$2,OR(AND(O17>=AO$3,L17>=AN$3),AND(O17>=AO$4,L17>=AN$4))),AM17,0) -> 0 | BB17: =AU17-AY17 -> 0 | BC17: =VLOOKUP(A17,ImportDataWA!A$14:AG$112,33,0) -> #N/A
A18: Zain Al Abdien Mahdi Mahlol | B18: =VLOOKUP($A18,MainData!$A$4:$E$1967,2,FALSE) -> Micro | C18: =VLOOKUP($A18,MainData!$A$4:$E$1967,3,FALSE) -> Amer Ahmed AbdulWahid | D18: =VLOOKUP($A18,MainData!$A$4:$E$1967,4,FALSE) -> Dewaniya | E18: =VLOOKUP($A18,MainData!$A$4:$E$1967,5,FALSE) -> Hayder Hashim Mohammed | F18: =SUMIFS(MainData!G:G,MainData!$A:$A,$A18) -> 211067.2 | G18: =IF($B18=$B$4,0,IF($B18=$B$1,$E$1,IF($B18=$B$2,$E$2,IF($B18=$B$3,$E$3)))) -> 333333.33 | H18: =IFERROR(F18/G18,0) -> 0.6332016 | I18: =SUMIFS(MainData!F:F,MainData!$A:$A,$A18) -> 54 | J18: =IF($B18=$B$4,0,IF($B18=$B$2,ROUND(J$2/$C$2,0),IF($B18=$B$3,ROUND(J$3/$C$3,0),ROUND(J$1/$C$1,0)))) -> 400 | K18: =IFERROR(I18/J18,0) -> 0.135 | L18: =SUMIFS(MainData!K:K,MainData!$A:$A,$A18) -> 52272.727 | M18: =IF($B18=$B$4,0,IF($B18=$B$1,$K$1,IF($B18=$B$2,$K$2,IF($B18=$B$3,$K$3)))) -> 56818.18 | N18: =IFERROR(L18/M18,0) -> 0.92000003 | O18: =SUMIFS(MainData!J:J,MainData!$A:$A,$A18) -> 13 | P18: =IF($B18=$B$4,0,IF($B18=$B$1,VLOOKUP(D18,Target_Entry!$A$8:$AF$23,5,0),IF(LO!B18=LO!$B$2,VLOOKUP(LO!D18,Target_Entry!$A$8:$AF$23,25,0),IF(LO!B18=LO!$B$3,VLOOKUP(LO!D18,Target_Entry!$A$8:$AF$23,15,0))))) -> 15 | Q18: =IFERROR(O18/P18,0) -> 0.86666667 | R18: =SUMIFS(MainData!J:J,MainData!$A:$A,$A18) -> 13 | S18: =SUMIFS(MainData!M:M,MainData!$A:$A,$A18) -> 7 | T18: =IFERROR(S18/R18,0) -> 0.53846154 | U18: =SUMIFS(MainData!L:L,MainData!$A:$A,$A18) -> 7 | V18: =IFERROR(U18/R18,0) -> 0.53846154 | W18: =SUMIFS(MainData!F:F,MainData!$A:$A,$A18) -> 54 | X18: =IF($B18=$B$2,W18/X$3,W18/X$2) -> 0.216 | Y18: =SUMIFS(MainData!H:H,MainData!$A:$A,$A18) -> 0 | Z18: =IFERROR(Y18/$F18,0) -> 0 | AA18: =SUMIFS(MainData!I:I,MainData!$A:$A,$A18) -> 0 | AB18: =IFERROR(AA18/$F18,0) -> 0 | AD18: =MAX(AD$5,MIN(AD$4,AD$1*(H18/(AD$2-AD$3)-(AD$3/(AD$2-AD$3))))) -> 0 | AE18: =MAX(AE$5,MIN(AE$4,AE$1*(K18/(AE$2-AE$3)-(AE$3/(AE$2-AE$3))))) -> 0 | AF18: =MAX(AF$5,MIN(AF$4,AF$1*(N18/(AF$2-AF$3)-(AF$3/(AF$2-AF$3))))) -> 22.000003 | AG18: =MAX(AG$5,MIN(AG$4,AG$1*(Q18/(AG$2-AG$3)-(AG$3/(AG$2-AG$3))))) -> 0 | AH18: =MIN(AH$4,MAX(AH$5,AH$1-AH$1*(Z18/(AH$3-AH$2)-(AH$2/(AH$3-AH$2))))) -> 15 | AI18: =MIN(AI$4,MAX(AI$5,AI$1-AI$1*(AB18/(AI$3-AI$2)-(AI$2/(AI$3-AI$2))))) -> 37.5 | AJ18: =MAX(AJ$5,MIN(AJ$4,AJ$1*(X18/(AJ$2-AJ$3)-(AJ$3/(AJ$2-AJ$3))))) -> 0 | AK18: =MAX(AK$5,MIN(AK$4,AK$1*(T18/(AK$2-AK$3)-(AK$3/(AK$2-AK$3))))) -> 3.3846154 | AL18: =MAX(AL$5,MIN(AL$4,AL$1*(V18/(AL$2-AL$3)-(AL$3/(AL$2-AL$3))))) -> 5 | AM18: =ROUND(SUM(AD18:AL18),0) -> 83 | AN18: =IF(AND(AB18<=AN$2,OR(AND(O18>=AO$3,L18>=AN$3),AND(O18>=AO$4,L18>=AN$4))),AM18,0) -> 0 | BB18: =AU18-AY18 -> 0 | BC18: =VLOOKUP(A18,ImportDataWA!A$14:AG$112,33,0) -> #N/A
A19: Abbas Hassan Shaalan | B19: =VLOOKUP($A19,MainData!$A$4:$E$1967,2,FALSE) -> Micro | C19: =VLOOKUP($A19,MainData!$A$4:$E$1967,3,FALSE) -> Amer Ahmed AbdulWahid | D19: =VLOOKUP($A19,MainData!$A$4:$E$1967,4,FALSE) -> Dewaniya | E19: =VLOOKUP($A19,MainData!$A$4:$E$1967,5,FALSE) -> Hayder Hashim Mohammed | F19: =SUMIFS(MainData!G:G,MainData!$A:$A,$A19) -> 89010.853 | G19: =IF($B19=$B$4,0,IF($B19=$B$1,$E$1,IF($B19=$B$2,$E$2,IF($B19=$B$3,$E$3)))) -> 333333.33 | H19: =IFERROR(F19/G19,0) -> 0.26703256 | I19: =SUMIFS(MainData!F:F,MainData!$A:$A,$A19) -> 24 | J19: =IF($B19=$B$4,0,IF($B19=$B$2,ROUND(J$2/$C$2,0),IF($B19=$B$3,ROUND(J$3/$C$3,0),ROUND(J$1/$C$1,0)))) -> 400 | K19: =IFERROR(I19/J19,0) -> 0.06 | L19: =SUMIFS(MainData!K:K,MainData!$A:$A,$A19) -> 25000 | M19: =IF($B19=$B$4,0,IF($B19=$B$1,$K$1,IF($B19=$B$2,$K$2,IF($B19=$B$3,$K$3)))) -> 56818.18 | N19: =IFERROR(L19/M19,0) -> 0.44000001 | O19: =SUMIFS(MainData!J:J,MainData!$A:$A,$A19) -> 5 | P19: =IF($B19=$B$4,0,IF($B19=$B$1,VLOOKUP(D19,Target_Entry!$A$8:$AF$23,5,0),IF(LO!B19=LO!$B$2,VLOOKUP(LO!D19,Target_Entry!$A$8:$AF$23,25,0),IF(LO!B19=LO!$B$3,VLOOKUP(LO!D19,Target_Entry!$A$8:$AF$23,15,0))))) -> 15 | Q19: =IFERROR(O19/P19,0) -> 0.33333333 | R19: =SUMIFS(MainData!J:J,MainData!$A:$A,$A19) -> 5 | S19: =SUMIFS(MainData!M:M,MainData!$A:$A,$A19) -> 2 | T19: =IFERROR(S19/R19,0) -> 0.4 | U19: =SUMIFS(MainData!L:L,MainData!$A:$A,$A19) -> 2 | V19: =IFERROR(U19/R19,0) -> 0.4 | W19: =SUMIFS(MainData!F:F,MainData!$A:$A,$A19) -> 24 | X19: =IF($B19=$B$2,W19/X$3,W19/X$2) -> 0.096 | Y19: =SUMIFS(MainData!H:H,MainData!$A:$A,$A19) -> 0 | Z19: =IFERROR(Y19/$F19,0) -> 0 | AA19: =SUMIFS(MainData!I:I,MainData!$A:$A,$A19) -> 0 | AB19: =IFERROR(AA19/$F19,0) -> 0 | AD19: =MAX(AD$5,MIN(AD$4,AD$1*(H19/(AD$2-AD$3)-(AD$3/(AD$2-AD$3))))) -> 0 | AE19: =MAX(AE$5,MIN(AE$4,AE$1*(K19/(AE$2-AE$3)-(AE$3/(AE$2-AE$3))))) -> 0 | AF19: =MAX(AF$5,MIN(AF$4,AF$1*(N19/(AF$2-AF$3)-(AF$3/(AF$2-AF$3))))) -> 0 | AG19: =MAX(AG$5,MIN(AG$4,AG$1*(Q19/(AG$2-AG$3)-(AG$3/(AG$2-AG$3))))) -> 0 | AH19: =MIN(AH$4,MAX(AH$5,AH$1-AH$1*(Z19/(AH$3-AH$2)-(AH$2/(AH$3-AH$2))))) -> 15 | AI19: =MIN(AI$4,MAX(AI$5,AI$1-AI$1*(AB19/(AI$3-AI$2)-(AI$2/(AI$3-AI$2))))) -> 37.5 | AJ19: =MAX(AJ$5,MIN(AJ$4,AJ$1*(X19/(AJ$2-AJ$3)-(AJ$3/(AJ$2-AJ$3))))) -> 0 | AK19: =MAX(AK$5,MIN(AK$4,AK$1*(T19/(AK$2-AK$3)-(AK$3/(AK$2-AK$3))))) -> 2 | AL19: =MAX(AL$5,MIN(AL$4,AL$1*(V19/(AL$2-AL$3)-(AL$3/(AL$2-AL$3))))) -> 5 | AM19: =ROUND(SUM(AD19:AL19),0) -> 60 | AN19: =IF(AND(AB19<=AN$2,OR(AND(O19>=AO$3,L19>=AN$3),AND(O19>=AO$4,L19>=AN$4))),AM19,0) -> 0 | BB19: =AU19-AY19 -> 0 | BC19: =VLOOKUP(A19,ImportDataWA!A$14:AG$112,33,0) -> #N/A
A20: Abbas Dhaif Hasan | B20: =VLOOKUP($A20,MainData!$A$4:$E$1967,2,FALSE) -> SE | C20: =VLOOKUP($A20,MainData!$A$4:$E$1967,3,FALSE) -> Rashad Hadi Lafta | D20: =VLOOKUP($A20,MainData!$A$4:$E$1967,4,FALSE) -> Dewaniya | E20: =VLOOKUP($A20,MainData!$A$4:$E$1967,5,FALSE) -> Ammar Jawad hasan | F20: =SUMIFS(MainData!G:G,MainData!$A:$A,$A20) -> 1440778.5 | G20: =IF($B20=$B$4,0,IF($B20=$B$1,$E$1,IF($B20=$B$2,$E$2,IF($B20=$B$3,$E$3)))) -> 2111111.1 | H20: =IFERROR(F20/G20,0) -> 0.68247405 | I20: =SUMIFS(MainData!F:F,MainData!$A:$A,$A20) -> 187 | J20: =IF($B20=$B$4,0,IF($B20=$B$2,ROUND(J$2/$C$2,0),IF($B20=$B$3,ROUND(J$3/$C$3,0),ROUND(J$1/$C$1,0)))) -> 222 | K20: =IFERROR(I20/J20,0) -> 0.84234234 | L20: =SUMIFS(MainData!K:K,MainData!$A:$A,$A20) -> 43409.091 | M20: =IF($B20=$B$4,0,IF($B20=$B$1,$K$1,IF($B20=$B$2,$K$2,IF($B20=$B$3,$K$3)))) -> 94696.97 | N20: =IFERROR(L20/M20,0) -> 0.4584 | O20: =SUMIFS(MainData!J:J,MainData!$A:$A,$A20) -> 4 | P20: =IF($B20=$B$4,0,IF($B20=$B$1,VLOOKUP(D20,Target_Entry!$A$8:$AF$23,5,0),IF(LO!B20=LO!$B$2,VLOOKUP(LO!D20,Target_Entry!$A$8:$AF$23,25,0),IF(LO!B20=LO!$B$3,VLOOKUP(LO!D20,Target_Entry!$A$8:$AF$23,15,0))))) -> 3 | Q20: =IFERROR(O20/P20,0) -> 1.3333333 | R20: =SUMIFS(MainData!J:J,MainData!$A:$A,$A20) -> 4 | S20: =SUMIFS(MainData!M:M,MainData!$A:$A,$A20) -> 3 | T20: =IFERROR(S20/R20,0) -> 0.75 | U20: =SUMIFS(MainData!L:L,MainData!$A:$A,$A20) -> 2 | V20: =IFERROR(U20/R20,0) -> 0.5 | W20: =SUMIFS(MainData!F:F,MainData!$A:$A,$A20) -> 187 | X20: =IF($B20=$B$2,W20/X$3,W20/X$2) -> 1.87 | Y20: =SUMIFS(MainData!H:H,MainData!$A:$A,$A20) -> 56330.903 | Z20: =IFERROR(Y20/$F20,0) -> 0.039097544 | AA20: =SUMIFS(MainData!I:I,MainData!$A:$A,$A20) -> 55192.86 | AB20: =IFERROR(AA20/$F20,0) -> 0.038307664 | AD20: =MAX(AD$5,MIN(AD$4,AD$1*(H20/(AD$2-AD$3)-(AD$3/(AD$2-AD$3))))) -> 0 | AE20: =MAX(AE$5,MIN(AE$4,AE$1*(K20/(AE$2-AE$3)-(AE$3/(AE$2-AE$3))))) -> 0 | AF20: =MAX(AF$5,MIN(AF$4,AF$1*(N20/(AF$2-AF$3)-(AF$3/(AF$2-AF$3))))) -> 0 | AG20: =MAX(AG$5,MIN(AG$4,AG$1*(Q20/(AG$2-AG$3)-(AG$3/(AG$2-AG$3))))) -> 0 | AH20: =MIN(AH$4,MAX(AH$5,AH$1-AH$1*(Z20/(AH$3-AH$2)-(AH$2/(AH$3-AH$2))))) -> 3.2707368 | AI20: =MIN(AI$4,MAX(AI$5,AI$1-AI$1*(AB20/(AI$3-AI$2)-(AI$2/(AI$3-AI$2))))) -> 27.923084 | AJ20: =MAX(AJ$5,MIN(AJ$4,AJ$1*(X20/(AJ$2-AJ$3)-(AJ$3/(AJ$2-AJ$3))))) -> 5 | AK20: =MAX(AK$5,MIN(AK$4,AK$1*(T20/(AK$2-AK$3)-(AK$3/(AK$2-AK$3))))) -> 5 | AL20: =MAX(AL$5,MIN(AL$4,AL$1*(V20/(AL$2-AL$3)-(AL$3/(AL$2-AL$3))))) -> 5 | AM20: =ROUND(SUM(AD20:AL20),0) -> 46 | AN20: =IF(AND(AB20<=AN$2,OR(AND(O20>=AO$3,L20>=AN$3),AND(O20>=AO$4,L20>=AN$4))),AM20,0) -> 0 | AO20: 837 | AP20: 0 | AQ20: 0 | AR20: =SUM(AO20:AQ20) -> 837 | AS20: =IF(AO20>0,ROUNDUP($AO20*AS$3,0),0) -> 670 | AT20: =AR20-AS20 -> 167 | AU20: =IF(AO20>0,ROUND(AN20/$AN$1*AU$3,0),0) -> 0 | AV20: =AU20+AS20 -> 670 | AW20: =AV20-AR20 -> -167 | AX20: =IFERROR(AV20/AR20,0) -> 0.8004779 | AY20: =AU20 -> 0 | AZ20: =IF(O20<18,IF(AND(I20>0,I20<=60),60,IF(AND(I20>60,I20<=120),70,IF(AND(I20>120,I20<=200),80,IF(I20>200,90,0)))),IF(O20>=18,IF(AND(I20>0,I20<=60),70,IF(AND(I20>60,I20<=120),80,IF(AND(I20>120,I20<=200),90,100))))) -> 80 | BB20: =AU20-AY20 -> 0 | BC20: =VLOOKUP(A20,ImportDataWA!A$14:AG$112,33,0) -> 96.745097 | BD20: =AU20-AY20 -> 0
A21: Adil Mohammed Ali Wdai | B21: =VLOOKUP($A21,MainData!$A$4:$E$1967,2,FALSE) -> VSE | C21: =VLOOKUP($A21,MainData!$A$4:$E$1967,3,FALSE) -> Amer Ahmed AbdulWahid | D21: =VLOOKUP($A21,MainData!$A$4:$E$1967,4,FALSE) -> Dewaniya | E21: =VLOOKUP($A21,MainData!$A$4:$E$1967,5,FALSE) -> Hayder Hashim Mohammed | F21: =SUMIFS(MainData!G:G,MainData!$A:$A,$A21) -> 888722.04 | G21: =IF($B21=$B$4,0,IF($B21=$B$1,$E$1,IF($B21=$B$2,$E$2,IF($B21=$B$3,$E$3)))) -> 777777.78 | H21: =IFERROR(F21/G21,0) -> 1.1426426 | I21: =SUMIFS(MainData!F:F,MainData!$A:$A,$A21) -> 224 | J21: =IF($B21=$B$4,0,IF($B21=$B$2,ROUND(J$2/$C$2,0),IF($B21=$B$3,ROUND(J$3/$C$3,0),ROUND(J$1/$C$1,0)))) -> 889 | K21: =IFERROR(I21/J21,0) -> 0.2519685 | L21: =SUMIFS(MainData!K:K,MainData!$A:$A,$A21) -> 72348.485 | M21: =IF($B21=$B$4,0,IF($B21=$B$1,$K$1,IF($B21=$B$2,$K$2,IF($B21=$B$3,$K$3)))) -> 79545.45 | N21: =IFERROR(L21/M21,0) -> 0.90952386 | O21: =SUMIFS(MainData!J:J,MainData!$A:$A,$A21) -> 15 | P21: =IF($B21=$B$4,0,IF($B21=$B$1,VLOOKUP(D21,Target_Entry!$A$8:$AF$23,5,0),IF(LO!B21=LO!$B$2,VLOOKUP(LO!D21,Target_Entry!$A$8:$AF$23,25,0),IF(LO!B21=LO!$B$3,VLOOKUP(LO!D21,Target_Entry!$A$8:$AF$23,15,0))))) -> 8 | Q21: =IFERROR(O21/P21,0) -> 1.875 | R21: 13 | S21: =SUMIFS(MainData!M:M,MainData!$A:$A,$A21) -> 12 | T21: =IFERROR(S21/R21,0) -> 0.92307692 | U21: =SUMIFS(MainData!L:L,MainData!$A:$A,$A21) -> 1 | V21: =IFERROR(U21/R21,0) -> 0.076923077 | W21: =SUMIFS(MainData!F:F,MainData!$A:$A,$A21) -> 224 | X21: =IF($B21=$B$2,W21/X$3,W21/X$2) -> 0.896 | Y21: =SUMIFS(MainData!H:H,MainData!$A:$A,$A21) -> 22291.606 | Z21: =IFERROR(Y21/$F21,0) -> 0.025082764 | AA21: =SUMIFS(MainData!I:I,MainData!$A:$A,$A21) -> 40007.081 | AB21: =IFERROR(AA21/$F21,0) -> 0.045016415 | AD21: =MAX(AD$5,MIN(AD$4,AD$1*(H21/(AD$2-AD$3)-(AD$3/(AD$2-AD$3))))) -> 10 | AE21: =MAX(AE$5,MIN(AE$4,AE$1*(K21/(AE$2-AE$3)-(AE$3/(AE$2-AE$3))))) -> 0 | AF21: =MAX(AF$5,MIN(AF$4,AF$1*(N21/(AF$2-AF$3)-(AF$3/(AF$2-AF$3))))) -> 20.952386 | AG21: =MAX(AG$5,MIN(AG$4,AG$1*(Q21/(AG$2-AG$3)-(AG$3/(AG$2-AG$3))))) -> 0 | AH21: =MIN(AH$4,MAX(AH$5,AH$1-AH$1*(Z21/(AH$3-AH$2)-(AH$2/(AH$3-AH$2))))) -> 7.4751707 | AI21: =MIN(AI$4,MAX(AI$5,AI$1-AI$1*(AB21/(AI$3-AI$2)-(AI$2/(AI$3-AI$2))))) -> 26.245896 | AJ21: =MAX(AJ$5,MIN(AJ$4,AJ$1*(X21/(AJ$2-AJ$3)-(AJ$3/(AJ$2-AJ$3))))) -> 3.96 | AK21: =MAX(AK$5,MIN(AK$4,AK$1*(T21/(AK$2-AK$3)-(AK$3/(AK$2-AK$3))))) -> 5 | AL21: =MAX(AL$5,MIN(AL$4,AL$1*(V21/(AL$2-AL$3)-(AL$3/(AL$2-AL$3))))) -> 1.2820513 | AM21: =ROUND(SUM(AD21:AL21),0) -> 75 | AN21: =IF(AND(AB21<=AN$2,OR(AND(O21>=AO$3,L21>=AN$3),AND(O21>=AO$4,L21>=AN$4))),AM21,0) -> 75 | AO21: 1074 | AP21: 0 | AQ21: 171 | AR21: =SUM(AO21:AQ21) -> 1245 | AS21: =IF(AO21>0,ROUNDUP($AO21*AS$3,0),0) -> 860 | AT21: =AR21-AS21 -> 385 | AU21: =IF(AO21>0,ROUND(AN21/$AN$1*AU$3,0),0) -> 488 | AV21: =AU21+AS21 -> 1348 | AW21: =AV21-AR21 -> 103 | AX21: =IFERROR(AV21/AR21,0) -> 1.0827309 | AY21: =AU21 -> 488 | AZ21: =IF(O21<18,IF(AND(I21>0,I21<=60),60,IF(AND(I21>60,I21<=120),70,IF(AND(I21>120,I21<=200),80,IF(I21>200,90,0)))),IF(O21>=18,IF(AND(I21>0,I21<=60),70,IF(AND(I21>60,I21<=120),80,IF(AND(I21>120,I21<=200),90,100))))) -> 90 | BB21: =AU21-AY21 -> 0 | BC21: =VLOOKUP(A21,ImportDataWA!A$14:AG$112,33,0) -> 96.930661 | BD21: =AU21-AY21 -> 0
A22: ZZ LOS Amer Ahmed AbdulWahid | B22: =VLOOKUP($A22,MainData!$A$4:$E$1967,2,FALSE) -> Inactive | C22: =VLOOKUP($A22,MainData!$A$4:$E$1967,3,FALSE) -> Inactive | D22: =VLOOKUP($A22,MainData!$A$4:$E$1967,4,FALSE) -> Dewaniya | E22: =VLOOKUP($A22,MainData!$A$4:$E$1967,5,FALSE) -> Inactive | F22: =SUMIFS(MainData!G:G,MainData!$A:$A,$A22) -> 0 | G22: =IF($B22=$B$4,0,IF($B22=$B$1,$E$1,IF($B22=$B$2,$E$2,IF($B22=$B$3,$E$3)))) -> 0 | H22: =IFERROR(F22/G22,0) -> 0 | I22: =SUMIFS(MainData!F:F,MainData!$A:$A,$A22) -> 0 | J22: =IF($B22=$B$4,0,IF($B22=$B$2,ROUND(J$2/$C$2,0),IF($B22=$B$3,ROUND(J$3/$C$3,0),ROUND(J$1/$C$1,0)))) -> 0 | K22: =IFERROR(I22/J22,0) -> 0 | L22: =SUMIFS(MainData!K:K,MainData!$A:$A,$A22) -> 0 | M22: =IF($B22=$B$4,0,IF($B22=$B$1,$K$1,IF($B22=$B$2,$K$2,IF($B22=$B$3,$K$3)))) -> 0 | N22: =IFERROR(L22/M22,0) -> 0 | O22: =SUMIFS(MainData!J:J,MainData!$A:$A,$A22) -> 0 | P22: =IF($B22=$B$4,0,IF($B22=$B$1,VLOOKUP(D22,Target_Entry!$A$8:$AF$23,5,0),IF(LO!B22=LO!$B$2,VLOOKUP(LO!D22,Target_Entry!$A$8:$AF$23,25,0),IF(LO!B22=LO!$B$3,VLOOKUP(LO!D22,Target_Entry!$A$8:$AF$23,15,0))))) -> 0 | Q22: =IFERROR(O22/P22,0) -> 0 | R22: =SUMIFS(MainData!J:J,MainData!$A:$A,$A22) -> 0 | S22: =SUMIFS(MainData!M:M,MainData!$A:$A,$A22) -> 0 | T22: =IFERROR(S22/R22,0) -> 0 | U22: =SUMIFS(MainData!L:L,MainData!$A:$A,$A22) -> 0 | V22: =IFERROR(U22/R22,0) -> 0 | W22: =SUMIFS(MainData!F:F,MainData!$A:$A,$A22) -> 0 | X22: =IF($B22=$B$2,W22/X$3,W22/X$2) -> 0 | Y22: =SUMIFS(MainData!H:H,MainData!$A:$A,$A22) -> 0 | Z22: =IFERROR(Y22/$F22,0) -> 0 | AA22: =SUMIFS(MainData!I:I,MainData!$A:$A,$A22) -> 0 | AB22: =IFERROR(AA22/$F22,0) -> 0 | AD22: =MAX(AD$5,MIN(AD$4,AD$1*(H22/(AD$2-AD$3)-(AD$3/(AD$2-AD$3))))) -> 0 | AE22: =MAX(AE$5,MIN(AE$4,AE$1*(K22/(AE$2-AE$3)-(AE$3/(AE$2-AE$3))))) -> 0 | AF22: =MAX(AF$5,MIN(AF$4,AF$1*(N22/(AF$2-AF$3)-(AF$3/(AF$2-AF$3))))) -> 0 | AG22: =MAX(AG$5,MIN(AG$4,AG$1*(Q22/(AG$2-AG$3)-(AG$3/(AG$2-AG$3))))) -> 0 | AH22: =MIN(AH$4,MAX(AH$5,AH$1-AH$1*(Z22/(AH$3-AH$2)-(AH$2/(AH$3-AH$2))))) -> 15 | AI22: =MIN(AI$4,MAX(AI$5,AI$1-AI$1*(AB22/(AI$3-AI$2)-(AI$2/(AI$3-AI$2))))) -> 37.5 | AJ22: =MAX(AJ$5,MIN(AJ$4,AJ$1*(X22/(AJ$2-AJ$3)-(AJ$3/(AJ$2-AJ$3))))) -> 0 | AK22: =MAX(AK$5,MIN(AK$4,AK$1*(T22/(AK$2-AK$3)-(AK$3/(AK$2-AK$3))))) -> 0 | AL22: =MAX(AL$5,MIN(AL$4,AL$1*(V22/(AL$2-AL$3)-(AL$3/(AL$2-AL$3))))) -> 0 | AM22: =ROUND(SUM(AD22:AL22),0) -> 53 | AN22: =IF(AND(AB22<=AN$2,OR(AND(O22>=AO$3,L22>=AN$3),AND(O22>=AO$4,L22>=AN$4))),AM22,0) -> 0
A23: Atheer Abbas Kadhem | B23: =VLOOKUP($A23,MainData!$A$4:$E$1967,2,FALSE) -> VSE | C23: =VLOOKUP($A23,MainData!$A$4:$E$1967,3,FALSE) -> Amer Ahmed AbdulWahid | D23: =VLOOKUP($A23,MainData!$A$4:$E$1967,4,FALSE) -> Dewaniya | E23: =VLOOKUP($A23,MainData!$A$4:$E$1967,5,FALSE) -> Hayder Hashim Mohammed | F23: =SUMIFS(MainData!G:G,MainData!$A:$A,$A23) -> 1359741 | G23: =IF($B23=$B$4,0,IF($B23=$B$1,$E$1,IF($B23=$B$2,$E$2,IF($B23=$B$3,$E$3)))) -> 777777.78 | H23: =IFERROR(F23/G23,0) -> 1.7482384 | I23: =SUMIFS(MainData!F:F,MainData!$A:$A,$A23) -> 222 | J23: =IF($B23=$B$4,0,IF($B23=$B$2,ROUND(J$2/$C$2,0),IF($B23=$B$3,ROUND(J$3/$C$3,0),ROUND(J$1/$C$1,0)))) -> 889 | K23: =IFERROR(I23/J23,0) -> 0.24971879 | L23: =SUMIFS(MainData!K:K,MainData!$A:$A,$A23) -> 99696.97 | M23: =IF($B23=$B$4,0,IF($B23=$B$1,$K$1,IF($B23=$B$2,$K$2,IF($B23=$B$3,$K$3)))) -> 79545.45 | N23: =IFERROR(L23/M23,0) -> 1.2533334 | O23: =SUMIFS(MainData!J:J,MainData!$A:$A,$A23) -> 10 | P23: =IF($B23=$B$4,0,IF($B23=$B$1,VLOOKUP(D23,Target_Entry!$A$8:$AF$23,5,0),IF(LO!B23=LO!$B$2,VLOOKUP(LO!D23,Target_Entry!$A$8:$AF$23,25,0),IF(LO!B23=LO!$B$3,VLOOKUP(LO!D23,Target_Entry!$A$8:$AF$23,15,0))))) -> 8 | Q23: =IFERROR(O23/P23,0) -> 1.25 | R23: =SUMIFS(MainData!J:J,MainData!$A:$A,$A23) -> 10 | S23: =SUMIFS(MainData!M:M,MainData!$A:$A,$A23) -> 8 | T23: =IFERROR(S23/R23,0) -> 0.8 | U23: =SUMIFS(MainData!L:L,MainData!$A:$A,$A23) -> 3 | V23: =IFERROR(U23/R23,0) -> 0.3 | W23: =SUMIFS(MainData!F:F,MainData!$A:$A,$A23) -> 222 | X23: =IF($B23=$B$2,W23/X$3,W23/X$2) -> 0.888 | Y23: =SUMIFS(MainData!H:H,MainData!$A:$A,$A23) -> 48713.558 | Z23: =IFERROR(Y23/$F23,0) -> 0.035825616 | AA23: =SUMIFS(MainData!I:I,MainData!$A:$A,$A23) -> 19931.356 | AB23: =IFERROR(AA23/$F23,0) -> 0.014658201 | AD23: =MAX(AD$5,MIN(AD$4,AD$1*(H23/(AD$2-AD$3)-(AD$3/(AD$2-AD$3))))) -> 10 | AE23: =MAX(AE$5,MIN(AE$4,AE$1*(K23/(AE$2-AE$3)-(AE$3/(AE$2-AE$3))))) -> 0 | AF23: =MAX(AF$5,MIN(AF$4,AF$1*(N23/(AF$2-AF$3)-(AF$3/(AF$2-AF$3))))) -> 45 | AG23: =MAX(AG$5,MIN(AG$4,AG$1*(Q23/(AG$2-AG$3)-(AG$3/(AG$2-AG$3))))) -> 0 | AH23: =MIN(AH$4,MAX(AH$5,AH$1-AH$1*(Z23/(AH$3-AH$2)-(AH$2/(AH$3-AH$2))))) -> 4.2523153 | AI23: =MIN(AI$4,MAX(AI$5,AI$1-AI$1*(AB23/(AI$3-AI$2)-(AI$2/(AI$3-AI$2))))) -> 33.83545 | AJ23: =MAX(AJ$5,MIN(AJ$4,AJ$1*(X23/(AJ$2-AJ$3)-(AJ$3/(AJ$2-AJ$3))))) -> 3.88 | AK23: =MAX(AK$5,MIN(AK$4,AK$1*(T23/(AK$2-AK$3)-(AK$3/(AK$2-AK$3))))) -> 5 | AL23: =MAX(AL$5,MIN(AL$4,AL$1*(V23/(AL$2-AL$3)-(AL$3/(AL$2-AL$3))))) -> 5 | AM23: =ROUND(SUM(AD23:AL23),0) -> 107 | AN23: =IF(AND(AB23<=AN$2,OR(AND(O23>=AO$3,L23>=AN$3),AND(O23>=AO$4,L23>=AN$4))),AM23,0) -> 107 | AO23: 1010 | AP23: 90 | AQ23: 241 | AR23: =SUM(AO23:AQ23) -> 1341 | AS23: =IF(AO23>0,ROUNDUP($AO23*AS$3,0),0) -> 808 | AT23: =AR23-AS23 -> 533 | AU23: =IF(AO23>0,ROUND(AN23/$AN$1*AU$3,0),0) -> 696 | AV23: =AU23+AS23 -> 1504 | AW23: =AV23-AR23 -> 163 | AX23: =IFERROR(AV23/AR23,0) -> 1.1215511 | AY23: =AU23 -> 696 | AZ23: =IF(O23<18,IF(AND(I23>0,I23<=60),60,IF(AND(I23>60,I23<=120),70,IF(AND(I23>120,I23<=200),80,IF(I23>200,90,0)))),IF(O23>=18,IF(AND(I23>0,I23<=60),70,IF(AND(I23>60,I23<=120),80,IF(AND(I23>120,I23<=200),90,100))))) -> 90 | BB23: =AU23-AY23 -> 0 | BC23: =VLOOKUP(A23,ImportDataWA!A$14:AG$112,33,0) -> 98.023684 | BD23: =AU23-AY23 -> 0
A24: Qasim Abdul Redha Anteshon | B24: =VLOOKUP($A24,MainData!$A$4:$E$1967,2,FALSE) -> Micro | C24: =VLOOKUP($A24,MainData!$A$4:$E$1967,3,FALSE) -> Rashad Hadi Lafta | D24: =VLOOKUP($A24,MainData!$A$4:$E$1967,4,FALSE) -> Dewaniya | E24: =VLOOKUP($A24,MainData!$A$4:$E$1967,5,FALSE) -> Hayder Hashim Mohammed | F24: =SUMIFS(MainData!G:G,MainData!$A:$A,$A24) -> 815910.43 | G24: =IF($B24=$B$4,0,IF($B24=$B$1,$E$1,IF($B24=$B$2,$E$2,IF($B24=$B$3,$E$3)))) -> 333333.33 | H24: =IFERROR(F24/G24,0) -> 2.4477313 | I24: =SUMIFS(MainData!F:F,MainData!$A:$A,$A24) -> 288 | J24: =IF($B24=$B$4,0,IF($B24=$B$2,ROUND(J$2/$C$2,0),IF($B24=$B$3,ROUND(J$3/$C$3,0),ROUND(J$1/$C$1,0)))) -> 400 | K24: =IFERROR(I24/J24,0) -> 0.72 | L24: =SUMIFS(MainData!K:K,MainData!$A:$A,$A24) -> 76136.364 | M24: =IF($B24=$B$4,0,IF($B24=$B$1,$K$1,IF($B24=$B$2,$K$2,IF($B24=$B$3,$K$3)))) -> 56818.18 | N24: =IFERROR(L24/M24,0) -> 1.34 | O24: =SUMIFS(MainData!J:J,MainData!$A:$A,$A24) -> 12 | P24: =IF($B24=$B$4,0,IF($B24=$B$1,VLOOKUP(D24,Target_Entry!$A$8:$AF$23,5,0),IF(LO!B24=LO!$B$2,VLOOKUP(LO!D24,Target_Entry!$A$8:$AF$23,25,0),IF(LO!B24=LO!$B$3,VLOOKUP(LO!D24,Target_Entry!$A$8:$AF$23,15,0))))) -> 15 | Q24: =IFERROR(O24/P24,0) -> 0.8 | R24: =SUMIFS(MainData!J:J,MainData!$A:$A,$A24) -> 12 | S24: =SUMIFS(MainData!M:M,MainData!$A:$A,$A24) -> 6 | T24: =IFERROR(S24/R24,0) -> 0.5 | U24: =SUMIFS(MainData!L:L,MainData!$A:$A,$A24) -> 8 | V24: =IFERROR(U24/R24,0) -> 0.66666667 | W24: =SUMIFS(MainData!F:F,MainData!$A:$A,$A24) -> 288 | X24: =IF($B24=$B$2,W24/X$3,W24/X$2) -> 1.152 | Y24: =SUMIFS(MainData!H:H,MainData!$A:$A,$A24) -> 1624.3201 | Z24: =IFERROR(Y24/$F24,0) -> 0.0019908069 | AA24: =SUMIFS(MainData!I:I,MainData!$A:$A,$A24) -> 1686.4948 | AB24: =IFERROR(AA24/$F24,0) -> 0.0020670098 | AD24: =MAX(AD$5,MIN(AD$4,AD$1*(H24/(AD$2-AD$3)-(AD$3/(AD$2-AD$3))))) -> 10 | AE24: =MAX(AE$5,MIN(AE$4,AE$1*(K24/(AE$2-AE$3)-(AE$3/(AE$2-AE$3))))) -> 0 | AF24: =MAX(AF$5,MIN(AF$4,AF$1*(N24/(AF$2-AF$3)-(AF$3/(AF$2-AF$3))))) -> 45 | AG24: =MAX(AG$5,MIN(AG$4,AG$1*(Q24/(AG$2-AG$3)-(AG$3/(AG$2-AG$3))))) -> 0 | AH24: =MIN(AH$4,MAX(AH$5,AH$1-AH$1*(Z24/(AH$3-AH$2)-(AH$2/(AH$3-AH$2))))) -> 14.402758 | AI24: =MIN(AI$4,MAX(AI$5,AI$1-AI$1*(AB24/(AI$3-AI$2)-(AI$2/(AI$3-AI$2))))) -> 36.983248 | AJ24: =MAX(AJ$5,MIN(AJ$4,AJ$1*(X24/(AJ$2-AJ$3)-(AJ$3/(AJ$2-AJ$3))))) -> 5 | AK24: =MAX(AK$5,MIN(AK$4,AK$1*(T24/(AK$2-AK$3)-(AK$3/(AK$2-AK$3))))) -> 3 | AL24: =MAX(AL$5,MIN(AL$4,AL$1*(V24/(AL$2-AL$3)-(AL$3/(AL$2-AL$3))))) -> 5 | AM24: =ROUND(SUM(AD24:AL24),0) -> 119 | AN24: =IF(AND(AB24<=AN$2,OR(AND(O24>=AO$3,L24>=AN$3),AND(O24>=AO$4,L24>=AN$4))),AM24,0) -> 119 | AO24: 763 | AP24: 201 | AQ24: 318 | AR24: =SUM(AO24:AQ24) -> 1282 | AS24: =IF(AO24>0,ROUNDUP($AO24*AS$3,0),0) -> 611 | AT24: =AR24-AS24 -> 671 | AU24: =IF(AO24>0,ROUND(AN24/$AN$1*AU$3,0),0) -> 774 | AV24: =AU24+AS24 -> 1385 | AW24: =AV24-AR24 -> 103 | AX24: =IFERROR(AV24/AR24,0) -> 1.0803432 | AY24: =AU24 -> 774 | AZ24: =IF(O24<18,IF(AND(I24>0,I24<=60),60,IF(AND(I24>60,I24<=120),70,IF(AND(I24>120,I24<=200),80,IF(I24>200,90,0)))),IF(O24>=18,IF(AND(I24>0,I24<=60),70,IF(AND(I24>60,I24<=120),80,IF(AND(I24>120,I24<=200),90,100))))) -> 90 | BB24: =AU24-AY24 -> 0 | BC24: =VLOOKUP(A24,ImportDataWA!A$14:AG$112,33,0) -> 99.75881 | BD24: =AU24-AY24 -> 0
A25: Hawraa Hussain Shekhair | B25: =VLOOKUP($A25,MainData!$A$4:$E$1967,2,FALSE) -> #N/A | C25: =VLOOKUP($A25,MainData!$A$4:$E$1967,3,FALSE) -> #N/A | D25: =VLOOKUP($A25,MainData!$A$4:$E$1967,4,FALSE) -> #N/A | E25: =VLOOKUP($A25,MainData!$A$4:$E$1967,5,FALSE) -> #N/A | F25: =SUMIFS(MainData!G:G,MainData!$A:$A,$A25) -> 0 | G25: =IF($B25=$B$4,0,IF($B25=$B$1,$E$1,IF($B25=$B$2,$E$2,IF($B25=$B$3,$E$3)))) -> #N/A | H25: =IFERROR(F25/G25,0) -> 0 | I25: =SUMIFS(MainData!F:F,MainData!$A:$A,$A25) -> 0 | J25: =IF($B25=$B$4,0,IF($B25=$B$2,ROUND(J$2/$C$2,0),IF($B25=$B$3,ROUND(J$3/$C$3,0),ROUND(J$1/$C$1,0)))) -> #N/A | K25: =IFERROR(I25/J25,0) -> 0 | L25: =SUMIFS(MainData!K:K,MainData!$A:$A,$A25) -> 0 | M25: =IF($B25=$B$4,0,IF($B25=$B$1,$K$1,IF($B25=$B$2,$K$2,IF($B25=$B$3,$K$3)))) -> #N/A | N25: =IFERROR(L25/M25,0) -> 0 | O25: =SUMIFS(MainData!J:J,MainData!$A:$A,$A25) -> 0 | P25: =IF($B25=$B$4,0,IF($B25=$B$1,VLOOKUP(D25,Target_Entry!$A$8:$AF$23,5,0),IF(LO!B25=LO!$B$2,VLOOKUP(LO!D25,Target_Entry!$A$8:$AF$23,25,0),IF(LO!B25=LO!$B$3,VLOOKUP(LO!D25,Target_Entry!$A$8:$AF$23,15,0))))) -> #N/A | Q25: =IFERROR(O25/P25,0) -> 0 | R25: =SUMIFS(MainData!J:J,MainData!$A:$A,$A25) -> 0 | S25: =SUMIFS(MainData!M:M,MainData!$A:$A,$A25) -> 0 | T25: =IFERROR(S25/R25,0) -> 0 | U25: =SUMIFS(MainData!L:L,MainData!$A:$A,$A25) -> 0 | V25: =IFERROR(U25/R25,0) -> 0 | W25: =SUMIFS(MainData!F:F,MainData!$A:$A,$A25) -> 0 | X25: =IF($B25=$B$2,W25/X$3,W25/X$2) -> #N/A | Y25: =SUMIFS(MainData!H:H,MainData!$A:$A,$A25) -> 0 | Z25: =IFERROR(Y25/$F25,0) -> 0 | AA25: =SUMIFS(MainData!I:I,MainData!$A:$A,$A25) -> 0 | AB25: =IFERROR(AA25/$F25,0) -> 0 | AD25: =MAX(AD$5,MIN(AD$4,AD$1*(H25/(AD$2-AD$3)-(AD$3/(AD$2-AD$3))))) -> 0 | AE25: =MAX(AE$5,MIN(AE$4,AE$1*(K25/(AE$2-AE$3)-(AE$3/(AE$2-AE$3))))) -> 0 | AF25: =MAX(AF$5,MIN(AF$4,AF$1*(N25/(AF$2-AF$3)-(AF$3/(AF$2-AF$3))))) -> 0 | AG25: =MAX(AG$5,MIN(AG$4,AG$1*(Q25/(AG$2-AG$3)-(AG$3/(AG$2-AG$3))))) -> 0 | AH25: =MIN(AH$4,MAX(AH$5,AH$1-AH$1*(Z25/(AH$3-AH$2)-(AH$2/(AH$3-AH$2))))) -> 15 | AI25: =MIN(AI$4,MAX(AI$5,AI$1-AI$1*(AB25/(AI$3-AI$2)-(AI$2/(AI$3-AI$2))))) -> 37.5 | AJ25: =MAX(AJ$5,MIN(AJ$4,AJ$1*(X25/(AJ$2-AJ$3)-(AJ$3/(AJ$2-AJ$3))))) -> #N/A | AK25: =MAX(AK$5,MIN(AK$4,AK$1*(T25/(AK$2-AK$3)-(AK$3/(AK$2-AK$3))))) -> 0 | AL25: =MAX(AL$5,MIN(AL$4,AL$1*(V25/(AL$2-AL$3)-(AL$3/(AL$2-AL$3))))) -> 0 | AM25: =ROUND(SUM(AD25:AL25),0) -> #N/A | AN25: =IF(AND(AB25<=AN$2,OR(AND(O25>=AO$3,L25>=AN$3),AND(O25>=AO$4,L25>=AN$4))),AM25,0) -> 0 | AO25: 715 | AP25: 0 | AQ25: 0 | AR25: =SUM(AO25:AQ25) -> 715 | AS25: =IF(AO25>0,ROUNDUP($AO25*AS$3,0),0) -> 572 | AT25: =AR25-AS25 -> 143 | AU25: =IF(AO25>0,ROUND(AN25/$AN$1*AU$3,0),0) -> 0 | AV25: =AU25+AS25 -> 572 | AW25: =AV25-AR25 -> -143 | AX25: =IFERROR(AV25/AR25,0) -> 0.8 | AY25: =AU25 -> 0 | AZ25: =IF(O25<18,IF(AND(I25>0,I25<=60),60,IF(AND(I25>60,I25<=120),70,IF(AND(I25>120,I25<=200),80,IF(I25>200,90,0)))),IF(O25>=18,IF(AND(I25>0,I25<=60),70,IF(AND(I25>60,I25<=120),80,IF(AND(I25>120,I25<=200),90,100))))) -> 0 | BB25: =AU25-AY25 -> 0 | BC25: =VLOOKUP(A25,ImportDataWA!A$14:AG$112,33,0) -> #N/A | BD25: =AU25-AY25 -> 0
A26: Lamyaa Salim Neghaish | B26: =VLOOKUP($A26,MainData!$A$4:$E$1967,2,FALSE) -> Micro | C26: =VLOOKUP($A26,MainData!$A$4:$E$1967,3,FALSE) -> Rashad Hadi Lafta | D26: =VLOOKUP($A26,MainData!$A$4:$E$1967,4,FALSE) -> Dewaniya | E26: =VLOOKUP($A26,MainData!$A$4:$E$1967,5,FALSE) -> Hayder Hashim Mohammed | F26: =SUMIFS(MainData!G:G,MainData!$A:$A,$A26) -> 747265.1 | G26: =IF($B26=$B$4,0,IF($B26=$B$1,$E$1,IF($B26=$B$2,$E$2,IF($B26=$B$3,$E$3)))) -> 333333.33 | H26: =IFERROR(F26/G26,0) -> 2.2417953 | I26: =SUMIFS(MainData!F:F,MainData!$A:$A,$A26) -> 318 | J26: =IF($B26=$B$4,0,IF($B26=$B$2,ROUND(J$2/$C$2,0),IF($B26=$B$3,ROUND(J$3/$C$3,0),ROUND(J$1/$C$1,0)))) -> 400 | K26: =IFERROR(I26/J26,0) -> 0.795 | L26: =SUMIFS(MainData!K:K,MainData!$A:$A,$A26) -> 50757.576 | M26: =IF($B26=$B$4,0,IF($B26=$B$1,$K$1,IF($B26=$B$2,$K$2,IF($B26=$B$3,$K$3)))) -> 56818.18 | N26: =IFERROR(L26/M26,0) -> 0.89333336 | O26: =SUMIFS(MainData!J:J,MainData!$A:$A,$A26) -> 13 | P26: =IF($B26=$B$4,0,IF($B26=$B$1,VLOOKUP(D26,Target_Entry!$A$8:$AF$23,5,0),IF(LO!B26=LO!$B$2,VLOOKUP(LO!D26,Target_Entry!$A$8:$AF$23,25,0),IF(LO!B26=LO!$B$3,VLOOKUP(LO!D26,Target_Entry!$A$8:$AF$23,15,0))))) -> 15 | Q26: =IFERROR(O26/P26,0) -> 0.86666667 | R26: =SUMIFS(MainData!J:J,MainData!$A:$A,$A26) -> 13 | S26: =SUMIFS(MainData!M:M,MainData!$A:$A,$A26) -> 9 | T26: =IFERROR(S26/R26,0) -> 0.69230769 | U26: =SUMIFS(MainData!L:L,MainData!$A:$A,$A26) -> 9 | V26: =IFERROR(U26/R26,0) -> 0.69230769 | W26: =SUMIFS(MainData!F:F,MainData!$A:$A,$A26) -> 318 | X26: =IF($B26=$B$2,W26/X$3,W26/X$2) -> 1.272 | Y26: =SUMIFS(MainData!H:H,MainData!$A:$A,$A26) -> 70848.077 | Z26: =IFERROR(Y26/$F26,0) -> 0.09480983 | AA26: =SUMIFS(MainData!I:I,MainData!$A:$A,$A26) -> 41307.697 | AB26: =IFERROR(AA26/$F26,0) -> 0.055278504 | AD26: =MAX(AD$5,MIN(AD$4,AD$1*(H26/(AD$2-AD$3)-(AD$3/(AD$2-AD$3))))) -> 10 | AE26: =MAX(AE$5,MIN(AE$4,AE$1*(K26/(AE$2-AE$3)-(AE$3/(AE$2-AE$3))))) -> 0 | AF26: =MAX(AF$5,MIN(AF$4,AF$1*(N26/(AF$2-AF$3)-(AF$3/(AF$2-AF$3))))) -> 19.333336 | AG26: =MAX(AG$5,MIN(AG$4,AG$1*(Q26/(AG$2-AG$3)-(AG$3/(AG$2-AG$3))))) -> 0 | AH26: =MIN(AH$4,MAX(AH$5,AH$1-AH$1*(Z26/(AH$3-AH$2)-(AH$2/(AH$3-AH$2))))) -> 0 | AI26: =MIN(AI$4,MAX(AI$5,AI$1-AI$1*(AB26/(AI$3-AI$2)-(AI$2/(AI$3-AI$2))))) -> 23.680374 | AJ26: =MAX(AJ$5,MIN(AJ$4,AJ$1*(X26/(AJ$2-AJ$3)-(AJ$3/(AJ$2-AJ$3))))) -> 5 | AK26: =MAX(AK$5,MIN(AK$4,AK$1*(T26/(AK$2-AK$3)-(AK$3/(AK$2-AK$3))))) -> 4.9230769 | AL26: =MAX(AL$5,MIN(AL$4,AL$1*(V26/(AL$2-AL$3)-(AL$3/(AL$2-AL$3))))) -> 5 | AM26: =ROUND(SUM(AD26:AL26),0) -> 68 | AN26: =IF(AND(AB26<=AN$2,OR(AND(O26>=AO$3,L26>=AN$3),AND(O26>=AO$4,L26>=AN$4))),AM26,0) -> 0 | AO26: 715 | AP26: 0 | AQ26: 0 | AR26: =SUM(AO26:AQ26) -> 715 | AS26: =IF(AO26>0,ROUNDUP($AO26*AS$3,0),0) -> 572 | AT26: =AR26-AS26 -> 143 | AU26: =IF(AO26>0,ROUND(AN26/$AN$1*AU$3,0),0) -> 0 | AV26: =AU26+AS26 -> 572 | AW26: =AV26-AR26 -> -143 | AX26: =IFERROR(AV26/AR26,0) -> 0.8 | AY26: =AU26 -> 0 | AZ26: =IF(O26<18,IF(AND(I26>0,I26<=60),60,IF(AND(I26>60,I26<=120),70,IF(AND(I26>120,I26<=200),80,IF(I26>200,90,0)))),IF(O26>=18,IF(AND(I26>0,I26<=60),70,IF(AND(I26>60,I26<=120),80,IF(AND(I26>120,I26<=200),90,100))))) -> 90 | BB26: =AU26-AY26 -> 0 | BC26: =VLOOKUP(A26,ImportDataWA!A$14:AG$112,33,0) -> 95.688483 | BD26: =AU26-AY26 -> 0
A27: Muhammed Ibrahim Muhammed | B27: =VLOOKUP($A27,MainData!$A$4:$E$1967,2,FALSE) -> VSE | C27: =VLOOKUP($A27,MainData!$A$4:$E$1967,3,FALSE) -> Rashad Hadi Lafta | D27: =VLOOKUP($A27,MainData!$A$4:$E$1967,4,FALSE) -> Dewaniya | E27: =VLOOKUP($A27,MainData!$A$4:$E$1967,5,FALSE) -> Hayder Hashim Mohammed | F27: =SUMIFS(MainData!G:G,MainData!$A:$A,$A27) -> 941756.28 | G27: =IF($B27=$B$4,0,IF($B27=$B$1,$E$1,IF($B27=$B$2,$E$2,IF($B27=$B$3,$E$3)))) -> 777777.78 | H27: =IFERROR(F27/G27,0) -> 1.2108295 | I27: =SUMIFS(MainData!F:F,MainData!$A:$A,$A27) -> 180 | J27: =IF($B27=$B$4,0,IF($B27=$B$2,ROUND(J$2/$C$2,0),IF($B27=$B$3,ROUND(J$3/$C$3,0),ROUND(J$1/$C$1,0)))) -> 889 | K27: =IFERROR(I27/J27,0) -> 0.20247469 | L27: =SUMIFS(MainData!K:K,MainData!$A:$A,$A27) -> 73863.636 | M27: =IF($B27=$B$4,0,IF($B27=$B$1,$K$1,IF($B27=$B$2,$K$2,IF($B27=$B$3,$K$3)))) -> 79545.45 | N27: =IFERROR(L27/M27,0) -> 0.92857148 | O27: =SUMIFS(MainData!J:J,MainData!$A:$A,$A27) -> 9 | P27: =IF($B27=$B$4,0,IF($B27=$B$1,VLOOKUP(D27,Target_Entry!$A$8:$AF$23,5,0),IF(LO!B27=LO!$B$2,VLOOKUP(LO!D27,Target_Entry!$A$8:$AF$23,25,0),IF(LO!B27=LO!$B$3,VLOOKUP(LO!D27,Target_Entry!$A$8:$AF$23,15,0))))) -> 8 | Q27: =IFERROR(O27/P27,0) -> 1.125 | R27: =SUMIFS(MainData!J:J,MainData!$A:$A,$A27) -> 9 | S27: =SUMIFS(MainData!M:M,MainData!$A:$A,$A27) -> 5 | T27: =IFERROR(S27/R27,0) -> 0.55555556 | U27: =SUMIFS(MainData!L:L,MainData!$A:$A,$A27) -> 3 | V27: =IFERROR(U27/R27,0) -> 0.33333333 | W27: =SUMIFS(MainData!F:F,MainData!$A:$A,$A27) -> 180 | X27: =IF($B27=$B$2,W27/X$3,W27/X$2) -> 0.72 | Y27: =SUMIFS(MainData!H:H,MainData!$A:$A,$A27) -> 25031.233 | Z27: =IFERROR(Y27/$F27,0) -> 0.026579311 | AA27: =SUMIFS(MainData!I:I,MainData!$A:$A,$A27) -> 40375.088 | AB27: =IFERROR(AA27/$F27,0) -> 0.04287212 | AD27: =MAX(AD$5,MIN(AD$4,AD$1*(H27/(AD$2-AD$3)-(AD$3/(AD$2-AD$3))))) -> 10 | AE27: =MAX(AE$5,MIN(AE$4,AE$1*(K27/(AE$2-AE$3)-(AE$3/(AE$2-AE$3))))) -> 0 | AF27: =MAX(AF$5,MIN(AF$4,AF$1*(N27/(AF$2-AF$3)-(AF$3/(AF$2-AF$3))))) -> 22.857148 | AG27: =MAX(AG$5,MIN(AG$4,AG$1*(Q27/(AG$2-AG$3)-(AG$3/(AG$2-AG$3))))) -> 0 | AH27: =MIN(AH$4,MAX(AH$5,AH$1-AH$1*(Z27/(AH$3-AH$2)-(AH$2/(AH$3-AH$2))))) -> 7.0262066 | AI27: =MIN(AI$4,MAX(AI$5,AI$1-AI$1*(AB27/(AI$3-AI$2)-(AI$2/(AI$3-AI$2))))) -> 26.78197 | AJ27: =MAX(AJ$5,MIN(AJ$4,AJ$1*(X27/(AJ$2-AJ$3)-(AJ$3/(AJ$2-AJ$3))))) -> 2.2 | AK27: =MAX(AK$5,MIN(AK$4,AK$1*(T27/(AK$2-AK$3)-(AK$3/(AK$2-AK$3))))) -> 3.5555556 | AL27: =MAX(AL$5,MIN(AL$4,AL$1*(V27/(AL$2-AL$3)-(AL$3/(AL$2-AL$3))))) -> 5 | AM27: =ROUND(SUM(AD27:AL27),0) -> 77 | AN27: =IF(AND(AB27<=AN$2,OR(AND(O27>=AO$3,L27>=AN$3),AND(O27>=AO$4,L27>=AN$4))),AM27,0) -> 77 | AO27: 657 | AP27: 0 | AQ27: 0 | AR27: =SUM(AO27:AQ27) -> 657 | AS27: =IF(AO27>0,ROUNDUP($AO27*AS$3,0),0) -> 526 | AT27: =AR27-AS27 -> 131 | AU27: =IF(AO27>0,ROUND(AN27/$AN$1*AU$3,0),0) -> 501 | AV27: =AU27+AS27 -> 1027 | AW27: =AV27-AR27 -> 370 | AX27: =IFERROR(AV27/AR27,0) -> 1.5631659 | AY27: =AU27 -> 501 | AZ27: =IF(O27<18,IF(AND(I27>0,I27<=60),60,IF(AND(I27>60,I27<=120),70,IF(AND(I27>120,I27<=200),80,IF(I27>200,90,0)))),IF(O27>=18,IF(AND(I27>0,I27<=60),70,IF(AND(I27>60,I27<=120),80,IF(AND(I27>120,I27<=200),90,100))))) -> 80 | BB27: =AU27-AY27 -> 0 | BC27: =VLOOKUP(A27,ImportDataWA!A$14:AG$112,33,0) -> 97.251918 | BD27: =AU27-AY27 -> 0
A28: Rashad Hadi Lafta | B28: =VLOOKUP($A28,MainData!$A$4:$E$1967,2,FALSE) -> Inactive | C28: =VLOOKUP($A28,MainData!$A$4:$E$1967,3,FALSE) -> Inactive | D28: =VLOOKUP($A28,MainData!$A$4:$E$1967,4,FALSE) -> Dewaniya | E28: =VLOOKUP($A28,MainData!$A$4:$E$1967,5,FALSE) -> Inactive | F28: =SUMIFS(MainData!G:G,MainData!$A:$A,$A28) -> 295145.92 | G28: =IF($B28=$B$4,0,IF($B28=$B$1,$E$1,IF($B28=$B$2,$E$2,IF($B28=$B$3,$E$3)))) -> 0 | H28: =IFERROR(F28/G28,0) -> 0 | I28: =SUMIFS(MainData!F:F,MainData!$A:$A,$A28) -> 82 | J28: =IF($B28=$B$4,0,IF($B28=$B$2,ROUND(J$2/$C$2,0),IF($B28=$B$3,ROUND(J$3/$C$3,0),ROUND(J$1/$C$1,0)))) -> 0 | K28: =IFERROR(I28/J28,0) -> 0 | L28: =SUMIFS(MainData!K:K,MainData!$A:$A,$A28) -> 0 | M28: =IF($B28=$B$4,0,IF($B28=$B$1,$K$1,IF($B28=$B$2,$K$2,IF($B28=$B$3,$K$3)))) -> 0 | N28: =IFERROR(L28/M28,0) -> 0 | O28: =SUMIFS(MainData!J:J,MainData!$A:$A,$A28) -> 0 | P28: =IF($B28=$B$4,0,IF($B28=$B$1,VLOOKUP(D28,Target_Entry!$A$8:$AF$23,5,0),IF(LO!B28=LO!$B$2,VLOOKUP(LO!D28,Target_Entry!$A$8:$AF$23,25,0),IF(LO!B28=LO!$B$3,VLOOKUP(LO!D28,Target_Entry!$A$8:$AF$23,15,0))))) -> 0 | Q28: =IFERROR(O28/P28,0) -> 0 | R28: =SUMIFS(MainData!J:J,MainData!$A:$A,$A28) -> 0 | S28: =SUMIFS(MainData!M:M,MainData!$A:$A,$A28) -> 0 | T28: =IFERROR(S28/R28,0) -> 0 | U28: =SUMIFS(MainData!L:L,MainData!$A:$A,$A28) -> 0 | V28: =IFERROR(U28/R28,0) -> 0 | W28: =SUMIFS(MainData!F:F,MainData!$A:$A,$A28) -> 82 | X28: =IF($B28=$B$2,W28/X$3,W28/X$2) -> 0.328 | Y28: =SUMIFS(MainData!H:H,MainData!$A:$A,$A28) -> 100637.52 | Z28: =IFERROR(Y28/$F28,0) -> 0.34097546 | AA28: =SUMIFS(MainData!I:I,MainData!$A:$A,$A28) -> 66857.487 | AB28: =IFERROR(AA28/$F28,0) -> 0.2265235 | AD28: =MAX(AD$5,MIN(AD$4,AD$1*(H28/(AD$2-AD$3)-(AD$3/(AD$2-AD$3))))) -> 0 | AE28: =MAX(AE$5,MIN(AE$4,AE$1*(K28/(AE$2-AE$3)-(AE$3/(AE$2-AE$3))))) -> 0 | AF28: =MAX(AF$5,MIN(AF$4,AF$1*(N28/(AF$2-AF$3)-(AF$3/(AF$2-AF$3))))) -> 0 | AG28: =MAX(AG$5,MIN(AG$4,AG$1*(Q28/(AG$2-AG$3)-(AG$3/(AG$2-AG$3))))) -> 0 | AH28: =MIN(AH$4,MAX(AH$5,AH$1-AH$1*(Z28/(AH$3-AH$2)-(AH$2/(AH$3-AH$2))))) -> 0 | AI28: =MIN(AI$4,MAX(AI$5,AI$1-AI$1*(AB28/(AI$3-AI$2)-(AI$2/(AI$3-AI$2))))) -> 0 | AJ28: =MAX(AJ$5,MIN(AJ$4,AJ$1*(X28/(AJ$2-AJ$3)-(AJ$3/(AJ$2-AJ$3))))) -> 0 | AK28: =MAX(AK$5,MIN(AK$4,AK$1*(T28/(AK$2-AK$3)-(AK$3/(AK$2-AK$3))))) -> 0 | AL28: =MAX(AL$5,MIN(AL$4,AL$1*(V28/(AL$2-AL$3)-(AL$3/(AL$2-AL$3))))) -> 0 | AM28: =ROUND(SUM(AD28:AL28),0) -> 0 | AN28: =IF(AND(AB28<=AN$2,OR(AND(O28>=AO$3,L28>=AN$3),AND(O28>=AO$4,L28>=AN$4))),AM28,0) -> 0 | AO28: 835 | AP28: 0 | AQ28: 8 | AR28: =SUM(AO28:AQ28) -> 843 | AS28: =IF(AO28>0,ROUNDUP($AO28*AS$3,0),0) -> 668 | AT28: =AR28-AS28 -> 175 | AU28: =IF(AO28>0,ROUND(AN28/$AN$1*AU$3,0),0) -> 0 | AV28: =AU28+AS28 -> 668 | AW28: =AV28-AR28 -> -175 | AX28: =IFERROR(AV28/AR28,0) -> 0.79240807 | AY28: =AU28 -> 0 | AZ28: =IF(O28<18,IF(AND(I28>0,I28<=60),60,IF(AND(I28>60,I28<=120),70,IF(AND(I28>120,I28<=200),80,IF(I28>200,90,0)))),IF(O28>=18,IF(AND(I28>0,I28<=60),70,IF(AND(I28>60,I28<=120),80,IF(AND(I28>120,I28<=200),90,100))))) -> 70 | BB28: =AU28-AY28 -> 0 | BC28: =VLOOKUP(A28,ImportDataWA!A$14:AG$112,33,0) -> 90.694862 | BD28: =AU28-AY28 -> 0
A29: ZZ Collection Saif Salam Hashim | B29: =VLOOKUP($A29,MainData!$A$4:$E$1967,2,FALSE) -> Inactive | C29: =VLOOKUP($A29,MainData!$A$4:$E$1967,3,FALSE) -> Inactive | D29: =VLOOKUP($A29,MainData!$A$4:$E$1967,4,FALSE) -> Dewaniya | E29: =VLOOKUP($A29,MainData!$A$4:$E$1967,5,FALSE) -> Inactive | F29: =SUMIFS(MainData!G:G,MainData!$A:$A,$A29) -> 0 | G29: =IF($B29=$B$4,0,IF($B29=$B$1,$E$1,IF($B29=$B$2,$E$2,IF($B29=$B$3,$E$3)))) -> 0 | H29: =IFERROR(F29/G29,0) -> 0 | I29: =SUMIFS(MainData!F:F,MainData!$A:$A,$A29) -> 0 | J29: =IF($B29=$B$4,0,IF($B29=$B$2,ROUND(J$2/$C$2,0),IF($B29=$B$3,ROUND(J$3/$C$3,0),ROUND(J$1/$C$1,0)))) -> 0 | K29: =IFERROR(I29/J29,0) -> 0 | L29: =SUMIFS(MainData!K:K,MainData!$A:$A,$A29) -> 0 | M29: =IF($B29=$B$4,0,IF($B29=$B$1,$K$1,IF($B29=$B$2,$K$2,IF($B29=$B$3,$K$3)))) -> 0 | N29: =IFERROR(L29/M29,0) -> 0 | O29: =SUMIFS(MainData!J:J,MainData!$A:$A,$A29) -> 0 | P29: =IF($B29=$B$4,0,IF($B29=$B$1,VLOOKUP(D29,Target_Entry!$A$8:$AF$23,5,0),IF(LO!B29=LO!$B$2,VLOOKUP(LO!D29,Target_Entry!$A$8:$AF$23,25,0),IF(LO!B29=LO!$B$3,VLOOKUP(LO!D29,Target_Entry!$A$8:$AF$23,15,0))))) -> 0 | Q29: =IFERROR(O29/P29,0) -> 0 | R29: =SUMIFS(MainData!J:J,MainData!$A:$A,$A29) -> 0 | S29: =SUMIFS(MainData!M:M,MainData!$A:$A,$A29) -> 0 | T29: =IFERROR(S29/R29,0) -> 0 | U29: =SUMIFS(MainData!L:L,MainData!$A:$A,$A29) -> 0 | V29: =IFERROR(U29/R29,0) -> 0 | W29: =SUMIFS(MainData!F:F,MainData!$A:$A,$A29) -> 0 | X29: =IF($B29=$B$2,W29/X$3,W29/X$2) -> 0 | Y29: =SUMIFS(MainData!H:H,MainData!$A:$A,$A29) -> 0 | Z29: =IFERROR(Y29/$F29,0) -> 0 | AA29: =SUMIFS(MainData!I:I,MainData!$A:$A,$A29) -> 0 | AB29: =IFERROR(AA29/$F29,0) -> 0 | AD29: =MAX(AD$5,MIN(AD$4,AD$1*(H29/(AD$2-AD$3)-(AD$3/(AD$2-AD$3))))) -> 0 | AE29: =MAX(AE$5,MIN(AE$4,AE$1*(K29/(AE$2-AE$3)-(AE$3/(AE$2-AE$3))))) -> 0 | AF29: =MAX(AF$5,MIN(AF$4,AF$1*(N29/(AF$2-AF$3)-(AF$3/(AF$2-AF$3))))) -> 0 | AG29: =MAX(AG$5,MIN(AG$4,AG$1*(Q29/(AG$2-AG$3)-(AG$3/(AG$2-AG$3))))) -> 0 | AH29: =MIN(AH$4,MAX(AH$5,AH$1-AH$1*(Z29/(AH$3-AH$2)-(AH$2/(AH$3-AH$2))))) -> 15 | AI29: =MIN(AI$4,MAX(AI$5,AI$1-AI$1*(AB29/(AI$3-AI$2)-(AI$2/(AI$3-AI$2))))) -> 37.5 | AJ29: =MAX(AJ$5,MIN(AJ$4,AJ$1*(X29/(AJ$2-AJ$3)-(AJ$3/(AJ$2-AJ$3))))) -> 0 | AK29: =MAX(AK$5,MIN(AK$4,AK$1*(T29/(AK$2-AK$3)-(AK$3/(AK$2-AK$3))))) -> 0 | AL29: =MAX(AL$5,MIN(AL$4,AL$1*(V29/(AL$2-AL$3)-(AL$3/(AL$2-AL$3))))) -> 0 | AM29: =ROUND(SUM(AD29:AL29),0) -> 53 | AN29: =IF(AND(AB29<=AN$2,OR(AND(O29>=AO$3,L29>=AN$3),AND(O29>=AO$4,L29>=AN$4))),AM29,0) -> 0
A30: Sufian Abed Salman | B30: =VLOOKUP($A30,MainData!$A$4:$E$1967,2,FALSE) -> Micro | C30: =VLOOKUP($A30,MainData!$A$4:$E$1967,3,FALSE) -> Rashad Hadi Lafta | D30: =VLOOKUP($A30,MainData!$A$4:$E$1967,4,FALSE) -> Dewaniya | E30: =VLOOKUP($A30,MainData!$A$4:$E$1967,5,FALSE) -> Hayder Hashim Mohammed | F30: =SUMIFS(MainData!G:G,MainData!$A:$A,$A30) -> 903342.09 | G30: =IF($B30=$B$4,0,IF($B30=$B$1,$E$1,IF($B30=$B$2,$E$2,IF($B30=$B$3,$E$3)))) -> 333333.33 | H30: =IFERROR(F30/G30,0) -> 2.7100263 | I30: =SUMIFS(MainData!F:F,MainData!$A:$A,$A30) -> 345 | J30: =IF($B30=$B$4,0,IF($B30=$B$2,ROUND(J$2/$C$2,0),IF($B30=$B$3,ROUND(J$3/$C$3,0),ROUND(J$1/$C$1,0)))) -> 400 | K30: =IFERROR(I30/J30,0) -> 0.8625 | L30: =SUMIFS(MainData!K:K,MainData!$A:$A,$A30) -> 22727.273 | M30: =IF($B30=$B$4,0,IF($B30=$B$1,$K$1,IF($B30=$B$2,$K$2,IF($B30=$B$3,$K$3)))) -> 56818.18 | N30: =IFERROR(L30/M30,0) -> 0.40000001 | O30: =SUMIFS(MainData!J:J,MainData!$A:$A,$A30) -> 1 | P30: =IF($B30=$B$4,0,IF($B30=$B$1,VLOOKUP(D30,Target_Entry!$A$8:$AF$23,5,0),IF(LO!B30=LO!$B$2,VLOOKUP(LO!D30,Target_Entry!$A$8:$AF$23,25,0),IF(LO!B30=LO!$B$3,VLOOKUP(LO!D30,Target_Entry!$A$8:$AF$23,15,0))))) -> 15 | Q30: =IFERROR(O30/P30,0) -> 0.066666667 | R30: =SUMIFS(MainData!J:J,MainData!$A:$A,$A30) -> 1 | S30: =SUMIFS(MainData!M:M,MainData!$A:$A,$A30) -> 1 | T30: =IFERROR(S30/R30,0) -> 1 | U30: =SUMIFS(MainData!L:L,MainData!$A:$A,$A30) -> 0 | V30: =IFERROR(U30/R30,0) -> 0 | W30: =SUMIFS(MainData!F:F,MainData!$A:$A,$A30) -> 345 | X30: =IF($B30=$B$2,W30/X$3,W30/X$2) -> 1.38 | Y30: =SUMIFS(MainData!H:H,MainData!$A:$A,$A30) -> 35271.478 | Z30: =IFERROR(Y30/$F30,0) -> 0.039045539 | AA30: =SUMIFS(MainData!I:I,MainData!$A:$A,$A30) -> 36757.516 | AB30: =IFERROR(AA30/$F30,0) -> 0.040690583 | AD30: =MAX(AD$5,MIN(AD$4,AD$1*(H30/(AD$2-AD$3)-(AD$3/(AD$2-AD$3))))) -> 10 | AE30: =MAX(AE$5,MIN(AE$4,AE$1*(K30/(AE$2-AE$3)-(AE$3/(AE$2-AE$3))))) -> 0 | AF30: =MAX(AF$5,MIN(AF$4,AF$1*(N30/(AF$2-AF$3)-(AF$3/(AF$2-AF$3))))) -> 0 | AG30: =MAX(AG$5,MIN(AG$4,AG$1*(Q30/(AG$2-AG$3)-(AG$3/(AG$2-AG$3))))) -> 0 | AH30: =MIN(AH$4,MAX(AH$5,AH$1-AH$1*(Z30/(AH$3-AH$2)-(AH$2/(AH$3-AH$2))))) -> 3.2863384 | AI30: =MIN(AI$4,MAX(AI$5,AI$1-AI$1*(AB30/(AI$3-AI$2)-(AI$2/(AI$3-AI$2))))) -> 27.327354 | AJ30: =MAX(AJ$5,MIN(AJ$4,AJ$1*(X30/(AJ$2-AJ$3)-(AJ$3/(AJ$2-AJ$3))))) -> 5 | AK30: =MAX(AK$5,MIN(AK$4,AK$1*(T30/(AK$2-AK$3)-(AK$3/(AK$2-AK$3))))) -> 5 | AL30: =MAX(AL$5,MIN(AL$4,AL$1*(V30/(AL$2-AL$3)-(AL$3/(AL$2-AL$3))))) -> 0 | AM30: =ROUND(SUM(AD30:AL30),0) -> 51 | AN30: =IF(AND(AB30<=AN$2,OR(AND(O30>=AO$3,L30>=AN$3),AND(O30>=AO$4,L30>=AN$4))),AM30,0) -> 0 | AO30: 810 | AP30: 0 | AQ30: 6 | AR30: =SUM(AO30:AQ30) -> 816 | AS30: =IF(AO30>0,ROUNDUP($AO30*AS$3,0),0) -> 648 | AT30: =AR30-AS30 -> 168 | AU30: =IF(AO30>0,ROUND(AN30/$AN$1*AU$3,0),0) -> 0 | AV30: =AU30+AS30 -> 648 | AW30: =AV30-AR30 -> -168 | AX30: =IFERROR(AV30/AR30,0) -> 0.79411765 | AY30: =AU30 -> 0 | AZ30: =IF(O30<18,IF(AND(I30>0,I30<=60),60,IF(AND(I30>60,I30<=120),70,IF(AND(I30>120,I30<=200),80,IF(I30>200,90,0)))),IF(O30>=18,IF(AND(I30>0,I30<=60),70,IF(AND(I30>60,I30<=120),80,IF(AND(I30>120,I30<=200),90,100))))) -> 90 | BB30: =AU30-AY30 -> 0 | BC30: =VLOOKUP(A30,ImportDataWA!A$14:AG$112,33,0) -> 97.375525 | BD30: =AU30-AY30 -> 0
A31: Zainab Razaq Ekraim | B31: =VLOOKUP($A31,MainData!$A$4:$E$1967,2,FALSE) -> Micro | C31: =VLOOKUP($A31,MainData!$A$4:$E$1967,3,FALSE) -> Amer Ahmed AbdulWahid | D31: =VLOOKUP($A31,MainData!$A$4:$E$1967,4,FALSE) -> Dewaniya | E31: =VLOOKUP($A31,MainData!$A$4:$E$1967,5,FALSE) -> Hayder Hashim Mohammed | F31: =SUMIFS(MainData!G:G,MainData!$A:$A,$A31) -> 694210.37 | G31: =IF($B31=$B$4,0,IF($B31=$B$1,$E$1,IF($B31=$B$2,$E$2,IF($B31=$B$3,$E$3)))) -> 333333.33 | H31: =IFERROR(F31/G31,0) -> 2.0826311 | I31: =SUMIFS(MainData!F:F,MainData!$A:$A,$A31) -> 270 | J31: =IF($B31=$B$4,0,IF($B31=$B$2,ROUND(J$2/$C$2,0),IF($B31=$B$3,ROUND(J$3/$C$3,0),ROUND(J$1/$C$1,0)))) -> 400 | K31: =IFERROR(I31/J31,0) -> 0.675 | L31: =SUMIFS(MainData!K:K,MainData!$A:$A,$A31) -> 70909.091 | M31: =IF($B31=$B$4,0,IF($B31=$B$1,$K$1,IF($B31=$B$2,$K$2,IF($B31=$B$3,$K$3)))) -> 56818.18 | N31: =IFERROR(L31/M31,0) -> 1.248 | O31: =SUMIFS(MainData!J:J,MainData!$A:$A,$A31) -> 16 | P31: =IF($B31=$B$4,0,IF($B31=$B$1,VLOOKUP(D31,Target_Entry!$A$8:$AF$23,5,0),IF(LO!B31=LO!$B$2,VLOOKUP(LO!D31,Target_Entry!$A$8:$AF$23,25,0),IF(LO!B31=LO!$B$3,VLOOKUP(LO!D31,Target_Entry!$A$8:$AF$23,15,0))))) -> 15 | Q31: =IFERROR(O31/P31,0) -> 1.0666667 | R31: =SUMIFS(MainData!J:J,MainData!$A:$A,$A31) -> 16 | S31: =SUMIFS(MainData!M:M,MainData!$A:$A,$A31) -> 8 | T31: =IFERROR(S31/R31,0) -> 0.5 | U31: =SUMIFS(MainData!L:L,MainData!$A:$A,$A31) -> 7 | V31: =IFERROR(U31/R31,0) -> 0.4375 | W31: =SUMIFS(MainData!F:F,MainData!$A:$A,$A31) -> 270 | X31: =IF($B31=$B$2,W31/X$3,W31/X$2) -> 1.08 | Y31: =SUMIFS(MainData!H:H,MainData!$A:$A,$A31) -> 29165.004 | Z31: =IFERROR(Y31/$F31,0) -> 0.042011767 | AA31: =SUMIFS(MainData!I:I,MainData!$A:$A,$A31) -> 18361.97 | AB31: =IFERROR(AA31/$F31,0) -> 0.026450152 | AD31: =MAX(AD$5,MIN(AD$4,AD$1*(H31/(AD$2-AD$3)-(AD$3/(AD$2-AD$3))))) -> 10 | AE31: =MAX(AE$5,MIN(AE$4,AE$1*(K31/(AE$2-AE$3)-(AE$3/(AE$2-AE$3))))) -> 0 | AF31: =MAX(AF$5,MIN(AF$4,AF$1*(N31/(AF$2-AF$3)-(AF$3/(AF$2-AF$3))))) -> 45 | AG31: =MAX(AG$5,MIN(AG$4,AG$1*(Q31/(AG$2-AG$3)-(AG$3/(AG$2-AG$3))))) -> 0 | AH31: =MIN(AH$4,MAX(AH$5,AH$1-AH$1*(Z31/(AH$3-AH$2)-(AH$2/(AH$3-AH$2))))) -> 2.39647 | AI31: =MIN(AI$4,MAX(AI$5,AI$1-AI$1*(AB31/(AI$3-AI$2)-(AI$2/(AI$3-AI$2))))) -> 30.887462 | AJ31: =MAX(AJ$5,MIN(AJ$4,AJ$1*(X31/(AJ$2-AJ$3)-(AJ$3/(AJ$2-AJ$3))))) -> 5 | AK31: =MAX(AK$5,MIN(AK$4,AK$1*(T31/(AK$2-AK$3)-(AK$3/(AK$2-AK$3))))) -> 3 | AL31: =MAX(AL$5,MIN(AL$4,AL$1*(V31/(AL$2-AL$3)-(AL$3/(AL$2-AL$3))))) -> 5 | AM31: =ROUND(SUM(AD31:AL31),0) -> 101 | AN31: =IF(AND(AB31<=AN$2,OR(AND(O31>=AO$3,L31>=AN$3),AND(O31>=AO$4,L31>=AN$4))),AM31,0) -> 101 | AO31: 715 | AP31: 0 | AQ31: 0 | AR31: =SUM(AO31:AQ31) -> 715 | AS31: =IF(AO31>0,ROUNDUP($AO31*AS$3,0),0) -> 572 | AT31: =AR31-AS31 -> 143 | AU31: =IF(AO31>0,ROUND(AN31/$AN$1*AU$3,0),0) -> 657 | AV31: =AU31+AS31 -> 1229 | AW31: =AV31-AR31 -> 514 | AX31: =IFERROR(AV31/AR31,0) -> 1.7188811 | AY31: =AU31 -> 657 | AZ31: =IF(O31<18,IF(AND(I31>0,I31<=60),60,IF(AND(I31>60,I31<=120),70,IF(AND(I31>120,I31<=200),80,IF(I31>200,90,0)))),IF(O31>=18,IF(AND(I31>0,I31<=60),70,IF(AND(I31>60,I31<=120),80,IF(AND(I31>120,I31<=200),90,100))))) -> 90 | BB31: =AU31-AY31 -> 0 | BC31: =VLOOKUP(A31,ImportDataWA!A$14:AG$112,33,0) -> #N/A | BD31: =AU31-AY31 -> 0
A32: Ali Ahmad Ali | B32: Inactive | C32: =VLOOKUP($A32,MainData!$A$4:$E$1967,3,FALSE) -> Inactive | D32: =VLOOKUP($A32,MainData!$A$4:$E$1967,4,FALSE) -> Erbil | E32: Inactive | F32: =SUMIFS(MainData!G:G,MainData!$A:$A,$A32) -> 0 | G32: =IF($B32=$B$4,0,IF($B32=$B$1,$E$1,IF($B32=$B$2,$E$2,IF($B32=$B$3,$E$3)))) -> 0 | H32: =IFERROR(F32/G32,0) -> 0 | I32: =SUMIFS(MainData!F:F,MainData!$A:$A,$A32) -> 0 | J32: =IF($B32=$B$4,0,IF($B32=$B$2,ROUND(J$2/$C$2,0),IF($B32=$B$3,ROUND(J$3/$C$3,0),ROUND(J$1/$C$1,0)))) -> 0 | K32: =IFERROR(I32/J32,0) -> 0 | L32: =SUMIFS(MainData!K:K,MainData!$A:$A,$A32) -> 0 | M32: =IF($B32=$B$4,0,IF($B32=$B$1,$K$1,IF($B32=$B$2,$K$2,IF($B32=$B$3,$K$3)))) -> 0 | N32: =IFERROR(L32/M32,0) -> 0 | O32: =SUMIFS(MainData!J:J,MainData!$A:$A,$A32) -> 0 | P32: =IF($B32=$B$4,0,IF($B32=$B$1,VLOOKUP(D32,Target_Entry!$A$8:$AF$23,5,0),IF(LO!B32=LO!$B$2,VLOOKUP(LO!D32,Target_Entry!$A$8:$AF$23,25,0),IF(LO!B32=LO!$B$3,VLOOKUP(LO!D32,Target_Entry!$A$8:$AF$23,15,0))))) -> 0 | Q32: =IFERROR(O32/P32,0) -> 0 | R32: =SUMIFS(MainData!J:J,MainData!$A:$A,$A32) -> 0 | S32: =SUMIFS(MainData!M:M,MainData!$A:$A,$A32) -> 0 | T32: =IFERROR(S32/R32,0) -> 0 | U32: =SUMIFS(MainData!L:L,MainData!$A:$A,$A32) -> 0 | V32: =IFERROR(U32/R32,0) -> 0 | W32: =SUMIFS(MainData!F:F,MainData!$A:$A,$A32) -> 0 | X32: =IF($B32=$B$2,W32/X$3,W32/X$2) -> 0 | Y32: =SUMIFS(MainData!H:H,MainData!$A:$A,$A32) -> 0 | Z32: =IFERROR(Y32/$F32,0) -> 0 | AA32: =SUMIFS(MainData!I:I,MainData!$A:$A,$A32) -> 0 | AB32: =IFERROR(AA32/$F32,0) -> 0 | AD32: =MAX(AD$5,MIN(AD$4,AD$1*(H32/(AD$2-AD$3)-(AD$3/(AD$2-AD$3))))) -> 0 | AE32: =MAX(AE$5,MIN(AE$4,AE$1*(K32/(AE$2-AE$3)-(AE$3/(AE$2-AE$3))))) -> 0 | AF32: =MAX(AF$5,MIN(AF$4,AF$1*(N32/(AF$2-AF$3)-(AF$3/(AF$2-AF$3))))) -> 0 | AG32: =MAX(AG$5,MIN(AG$4,AG$1*(Q32/(AG$2-AG$3)-(AG$3/(AG$2-AG$3))))) -> 0 | AH32: =MIN(AH$4,MAX(AH$5,AH$1-AH$1*(Z32/(AH$3-AH$2)-(AH$2/(AH$3-AH$2))))) -> 15 | AI32: =MIN(AI$4,MAX(AI$5,AI$1-AI$1*(AB32/(AI$3-AI$2)-(AI$2/(AI$3-AI$2))))) -> 37.5 | AJ32: =MAX(AJ$5,MIN(AJ$4,AJ$1*(X32/(AJ$2-AJ$3)-(AJ$3/(AJ$2-AJ$3))))) -> 0 | AK32: =MAX(AK$5,MIN(AK$4,AK$1*(T32/(AK$2-AK$3)-(AK$3/(AK$2-AK$3))))) -> 0 | AL32: =MAX(AL$5,MIN(AL$4,AL$1*(V32/(AL$2-AL$3)-(AL$3/(AL$2-AL$3))))) -> 0 | AM32: =ROUND(SUM(AD32:AL32),0) -> 53 | AN32: =IF(AND(AB32<=AN$2,OR(AND(O32>=AO$3,L32>=AN$3),AND(O32>=AO$4,L32>=AN$4))),AM32,0) -> 0 | BB32: =AU32-AY32 -> 0 | BC32: =VLOOKUP(A32,ImportDataWA!A$14:AG$112,33,0) -> #N/A
A33: Aso Muhammed Ahmed | B33: =VLOOKUP($A33,MainData!$A$4:$E$1967,2,FALSE) -> Inactive | C33: =VLOOKUP($A33,MainData!$A$4:$E$1967,3,FALSE) -> Inactive | D33: =VLOOKUP($A33,MainData!$A$4:$E$1967,4,FALSE) -> Erbil | E33: =VLOOKUP($A33,MainData!$A$4:$E$1967,5,FALSE) -> Inactive | F33: =SUMIFS(MainData!G:G,MainData!$A:$A,$A33) -> 0 | G33: =IF($B33=$B$4,0,IF($B33=$B$1,$E$1,IF($B33=$B$2,$E$2,IF($B33=$B$3,$E$3)))) -> 0 | H33: =IFERROR(F33/G33,0) -> 0 | I33: =SUMIFS(MainData!F:F,MainData!$A:$A,$A33) -> 0 | J33: =IF($B33=$B$4,0,IF($B33=$B$2,ROUND(J$2/$C$2,0),IF($B33=$B$3,ROUND(J$3/$C$3,0),ROUND(J$1/$C$1,0)))) -> 0 | K33: =IFERROR(I33/J33,0) -> 0 | L33: =SUMIFS(MainData!K:K,MainData!$A:$A,$A33) -> 0 | M33: =IF($B33=$B$4,0,IF($B33=$B$1,$K$1,IF($B33=$B$2,$K$2,IF($B33=$B$3,$K$3)))) -> 0 | N33: =IFERROR(L33/M33,0) -> 0 | O33: =SUMIFS(MainData!J:J,MainData!$A:$A,$A33) -> 0 | P33: =IF($B33=$B$4,0,IF($B33=$B$1,VLOOKUP(D33,Target_Entry!$A$8:$AF$23,5,0),IF(LO!B33=LO!$B$2,VLOOKUP(LO!D33,Target_Entry!$A$8:$AF$23,25,0),IF(LO!B33=LO!$B$3,VLOOKUP(LO!D33,Target_Entry!$A$8:$AF$23,15,0))))) -> 0 | Q33: =IFERROR(O33/P33,0) -> 0 | R33: =SUMIFS(MainData!J:J,MainData!$A:$A,$A33) -> 0 | S33: =SUMIFS(MainData!M:M,MainData!$A:$A,$A33) -> 0 | T33: =IFERROR(S33/R33,0) -> 0 | U33: =SUMIFS(MainData!L:L,MainData!$A:$A,$A33) -> 0 | V33: =IFERROR(U33/R33,0) -> 0 | W33: =SUMIFS(MainData!F:F,MainData!$A:$A,$A33) -> 0 | X33: =IF($B33=$B$2,W33/X$3,W33/X$2) -> 0 | Y33: =SUMIFS(MainData!H:H,MainData!$A:$A,$A33) -> 0 | Z33: =IFERROR(Y33/$F33,0) -> 0 | AA33: =SUMIFS(MainData!I:I,MainData!$A:$A,$A33) -> 0 | AB33: =IFERROR(AA33/$F33,0) -> 0 | AD33: =MAX(AD$5,MIN(AD$4,AD$1*(H33/(AD$2-AD$3)-(AD$3/(AD$2-AD$3))))) -> 0 | AE33: =MAX(AE$5,MIN(AE$4,AE$1*(K33/(AE$2-AE$3)-(AE$3/(AE$2-AE$3))))) -> 0 | AF33: =MAX(AF$5,MIN(AF$4,AF$1*(N33/(AF$2-AF$3)-(AF$3/(AF$2-AF$3))))) -> 0 | AG33: =MAX(AG$5,MIN(AG$4,AG$1*(Q33/(AG$2-AG$3)-(AG$3/(AG$2-AG$3))))) -> 0 | AH33: =MIN(AH$4,MAX(AH$5,AH$1-AH$1*(Z33/(AH$3-AH$2)-(AH$2/(AH$3-AH$2))))) -> 15 | AI33: =MIN(AI$4,MAX(AI$5,AI$1-AI$1*(AB33/(AI$3-AI$2)-(AI$2/(AI$3-AI$2))))) -> 37.5 | AJ33: =MAX(AJ$5,MIN(AJ$4,AJ$1*(X33/(AJ$2-AJ$3)-(AJ$3/(AJ$2-AJ$3))))) -> 0 | AK33: =MAX(AK$5,MIN(AK$4,AK$1*(T33/(AK$2-AK$3)-(AK$3/(AK$2-AK$3))))) -> 0 | AL33: =MAX(AL$5,MIN(AL$4,AL$1*(V33/(AL$2-AL$3)-(AL$3/(AL$2-AL$3))))) -> 0 | AM33: =ROUND(SUM(AD33:AL33),0) -> 53 | AN33: =IF(AND(AB33<=AN$2,OR(AND(O33>=AO$3,L33>=AN$3),AND(O33>=AO$4,L33>=AN$4))),AM33,0) -> 0 | BB33: =AU33-AY33 -> 0 | BC33: =VLOOKUP(A33,ImportDataWA!A$14:AG$112,33,0) -> #N/A
A34: Kholiya Hassan Rasheed | B34: Inactive | C34: =VLOOKUP($A34,MainData!$A$4:$E$1967,3,FALSE) -> Inactive | D34: =VLOOKUP($A34,MainData!$A$4:$E$1967,4,FALSE) -> Erbil | E34: Inactive | F34: =SUMIFS(MainData!G:G,MainData!$A:$A,$A34) -> 0 | G34: =IF($B34=$B$4,0,IF($B34=$B$1,$E$1,IF($B34=$B$2,$E$2,IF($B34=$B$3,$E$3)))) -> 0 | H34: =IFERROR(F34/G34,0) -> 0 | I34: =SUMIFS(MainData!F:F,MainData!$A:$A,$A34) -> 0 | J34: =IF($B34=$B$4,0,IF($B34=$B$2,ROUND(J$2/$C$2,0),IF($B34=$B$3,ROUND(J$3/$C$3,0),ROUND(J$1/$C$1,0)))) -> 0 | K34: =IFERROR(I34/J34,0) -> 0 | L34: =SUMIFS(MainData!K:K,MainData!$A:$A,$A34) -> 0 | M34: =IF($B34=$B$4,0,IF($B34=$B$1,$K$1,IF($B34=$B$2,$K$2,IF($B34=$B$3,$K$3)))) -> 0 | N34: =IFERROR(L34/M34,0) -> 0 | O34: =SUMIFS(MainData!J:J,MainData!$A:$A,$A34) -> 0 | P34: =IF($B34=$B$4,0,IF($B34=$B$1,VLOOKUP(D34,Target_Entry!$A$8:$AF$23,5,0),IF(LO!B34=LO!$B$2,VLOOKUP(LO!D34,Target_Entry!$A$8:$AF$23,25,0),IF(LO!B34=LO!$B$3,VLOOKUP(LO!D34,Target_Entry!$A$8:$AF$23,15,0))))) -> 0 | Q34: =IFERROR(O34/P34,0) -> 0 | R34: =SUMIFS(MainData!J:J,MainData!$A:$A,$A34) -> 0 | S34: =SUMIFS(MainData!M:M,MainData!$A:$A,$A34) -> 0 | T34: =IFERROR(S34/R34,0) -> 0 | U34: =SUMIFS(MainData!L:L,MainData!$A:$A,$A34) -> 0 | V34: =IFERROR(U34/R34,0) -> 0 | W34: =SUMIFS(MainData!F:F,MainData!$A:$A,$A34) -> 0 | X34: =IF($B34=$B$2,W34/X$3,W34/X$2) -> 0 | Y34: =SUMIFS(MainData!H:H,MainData!$A:$A,$A34) -> 0 | Z34: =IFERROR(Y34/$F34,0) -> 0 | AA34: =SUMIFS(MainData!I:I,MainData!$A:$A,$A34) -> 0 | AB34: =IFERROR(AA34/$F34,0) -> 0 | AD34: =MAX(AD$5,MIN(AD$4,AD$1*(H34/(AD$2-AD$3)-(AD$3/(AD$2-AD$3))))) -> 0 | AE34: =MAX(AE$5,MIN(AE$4,AE$1*(K34/(AE$2-AE$3)-(AE$3/(AE$2-AE$3))))) -> 0 | AF34: =MAX(AF$5,MIN(AF$4,AF$1*(N34/(AF$2-AF$3)-(AF$3/(AF$2-AF$3))))) -> 0 | AG34: =MAX(AG$5,MIN(AG$4,AG$1*(Q34/(AG$2-AG$3)-(AG$3/(AG$2-AG$3))))) -> 0 | AH34: =MIN(AH$4,MAX(AH$5,AH$1-AH$1*(Z34/(AH$3-AH$2)-(AH$2/(AH$3-AH$2))))) -> 15 | AI34: =MIN(AI$4,MAX(AI$5,AI$1-AI$1*(AB34/(AI$3-AI$2)-(AI$2/(AI$3-AI$2))))) -> 37.5 | AJ34: =MAX(AJ$5,MIN(AJ$4,AJ$1*(X34/(AJ$2-AJ$3)-(AJ$3/(AJ$2-AJ$3))))) -> 0 | AK34: =MAX(AK$5,MIN(AK$4,AK$1*(T34/(AK$2-AK$3)-(AK$3/(AK$2-AK$3))))) -> 0 | AL34: =MAX(AL$5,MIN(AL$4,AL$1*(V34/(AL$2-AL$3)-(AL$3/(AL$2-AL$3))))) -> 0 | AM34: =ROUND(SUM(AD34:AL34),0) -> 53 | AN34: =IF(AND(AB34<=AN$2,OR(AND(O34>=AO$3,L34>=AN$3),AND(O34>=AO$4,L34>=AN$4))),AM34,0) -> 0 | BB34: =AU34-AY34 -> 0 | BC34: =VLOOKUP(A34,ImportDataWA!A$14:AG$112,33,0) -> #N/A
A35: Mustafa Shihab Ahmad | B35: Inactive | C35: =VLOOKUP($A35,MainData!$A$4:$E$1967,3,FALSE) -> Inactive | D35: =VLOOKUP($A35,MainData!$A$4:$E$1967,4,FALSE) -> Erbil | E35: Inactive | F35: =SUMIFS(MainData!G:G,MainData!$A:$A,$A35) -> 0 | G35: =IF($B35=$B$4,0,IF($B35=$B$1,$E$1,IF($B35=$B$2,$E$2,IF($B35=$B$3,$E$3)))) -> 0 | H35: =IFERROR(F35/G35,0) -> 0 | I35: =SUMIFS(MainData!F:F,MainData!$A:$A,$A35) -> 0 | J35: =IF($B35=$B$4,0,IF($B35=$B$2,ROUND(J$2/$C$2,0),IF($B35=$B$3,ROUND(J$3/$C$3,0),ROUND(J$1/$C$1,0)))) -> 0 | K35: =IFERROR(I35/J35,0) -> 0 | L35: =SUMIFS(MainData!K:K,MainData!$A:$A,$A35) -> 0 | M35: =IF($B35=$B$4,0,IF($B35=$B$1,$K$1,IF($B35=$B$2,$K$2,IF($B35=$B$3,$K$3)))) -> 0 | N35: =IFERROR(L35/M35,0) -> 0 | O35: =SUMIFS(MainData!J:J,MainData!$A:$A,$A35) -> 0 | P35: =IF($B35=$B$4,0,IF($B35=$B$1,VLOOKUP(D35,Target_Entry!$A$8:$AF$23,5,0),IF(LO!B35=LO!$B$2,VLOOKUP(LO!D35,Target_Entry!$A$8:$AF$23,25,0),IF(LO!B35=LO!$B$3,VLOOKUP(LO!D35,Target_Entry!$A$8:$AF$23,15,0))))) -> 0 | Q35: =IFERROR(O35/P35,0) -> 0 | R35: =SUMIFS(MainData!J:J,MainData!$A:$A,$A35) -> 0 | S35: =SUMIFS(MainData!M:M,MainData!$A:$A,$A35) -> 0 | T35: =IFERROR(S35/R35,0) -> 0 | U35: =SUMIFS(MainData!L:L,MainData!$A:$A,$A35) -> 0 | V35: =IFERROR(U35/R35,0) -> 0 | W35: =SUMIFS(MainData!F:F,MainData!$A:$A,$A35) -> 0 | X35: =IF($B35=$B$2,W35/X$3,W35/X$2) -> 0 | Y35: =SUMIFS(MainData!H:H,MainData!$A:$A,$A35) -> 0 | Z35: =IFERROR(Y35/$F35,0) -> 0 | AA35: =SUMIFS(MainData!I:I,MainData!$A:$A,$A35) -> 0 | AB35: =IFERROR(AA35/$F35,0) -> 0 | AD35: =MAX(AD$5,MIN(AD$4,AD$1*(H35/(AD$2-AD$3)-(AD$3/(AD$2-AD$3))))) -> 0 | AE35: =MAX(AE$5,MIN(AE$4,AE$1*(K35/(AE$2-AE$3)-(AE$3/(AE$2-AE$3))))) -> 0 | AF35: =MAX(AF$5,MIN(AF$4,AF$1*(N35/(AF$2-AF$3)-(AF$3/(AF$2-AF$3))))) -> 0 | AG35: =MAX(AG$5,MIN(AG$4,AG$1*(Q35/(AG$2-AG$3)-(AG$3/(AG$2-AG$3))))) -> 0 | AH35: =MIN(AH$4,MAX(AH$5,AH$1-AH$1*(Z35/(AH$3-AH$2)-(AH$2/(AH$3-AH$2))))) -> 15 | AI35: =MIN(AI$4,MAX(AI$5,AI$1-AI$1*(AB35/(AI$3-AI$2)-(AI$2/(AI$3-AI$2))))) -> 37.5 | AJ35: =MAX(AJ$5,MIN(AJ$4,AJ$1*(X35/(AJ$2-AJ$3)-(AJ$3/(AJ$2-AJ$3))))) -> 0 | AK35: =MAX(AK$5,MIN(AK$4,AK$1*(T35/(AK$2-AK$3)-(AK$3/(AK$2-AK$3))))) -> 0 | AL35: =MAX(AL$5,MIN(AL$4,AL$1*(V35/(AL$2-AL$3)-(AL$3/(AL$2-AL$3))))) -> 0 | AM35: =ROUND(SUM(AD35:AL35),0) -> 53 | AN35: =IF(AND(AB35<=AN$2,OR(AND(O35>=AO$3,L35>=AN$3),AND(O35>=AO$4,L35>=AN$4))),AM35,0) -> 0 | BB35: =AU35-AY35 -> 0 | BC35: =VLOOKUP(A35,ImportDataWA!A$14:AG$112,33,0) -> #N/A
A36: ZZ Collection Rupak Faeq Ali | B36: =VLOOKUP($A36,MainData!$A$4:$E$1967,2,FALSE) -> Inactive | C36: =VLOOKUP($A36,MainData!$A$4:$E$1967,3,FALSE) -> Inactive | D36: =VLOOKUP($A36,MainData!$A$4:$E$1967,4,FALSE) -> Erbil | E36: =VLOOKUP($A36,MainData!$A$4:$E$1967,5,FALSE) -> Inactive | F36: =SUMIFS(MainData!G:G,MainData!$A:$A,$A36) -> 0 | G36: =IF($B36=$B$4,0,IF($B36=$B$1,$E$1,IF($B36=$B$2,$E$2,IF($B36=$B$3,$E$3)))) -> 0 | H36: =IFERROR(F36/G36,0) -> 0 | I36: =SUMIFS(MainData!F:F,MainData!$A:$A,$A36) -> 0 | J36: =IF($B36=$B$4,0,IF($B36=$B$2,ROUND(J$2/$C$2,0),IF($B36=$B$3,ROUND(J$3/$C$3,0),ROUND(J$1/$C$1,0)))) -> 0 | K36: =IFERROR(I36/J36,0) -> 0 | L36: =SUMIFS(MainData!K:K,MainData!$A:$A,$A36) -> 0 | M36: =IF($B36=$B$4,0,IF($B36=$B$1,$K$1,IF($B36=$B$2,$K$2,IF($B36=$B$3,$K$3)))) -> 0 | N36: =IFERROR(L36/M36,0) -> 0 | O36: =SUMIFS(MainData!J:J,MainData!$A:$A,$A36) -> 0 | P36: =IF($B36=$B$4,0,IF($B36=$B$1,VLOOKUP(D36,Target_Entry!$A$8:$AF$23,5,0),IF(LO!B36=LO!$B$2,VLOOKUP(LO!D36,Target_Entry!$A$8:$AF$23,25,0),IF(LO!B36=LO!$B$3,VLOOKUP(LO!D36,Target_Entry!$A$8:$AF$23,15,0))))) -> 0 | Q36: =IFERROR(O36/P36,0) -> 0 | R36: =SUMIFS(MainData!J:J,MainData!$A:$A,$A36) -> 0 | S36: =SUMIFS(MainData!M:M,MainData!$A:$A,$A36) -> 0 | T36: =IFERROR(S36/R36,0) -> 0 | U36: =SUMIFS(MainData!L:L,MainData!$A:$A,$A36) -> 0 | V36: =IFERROR(U36/R36,0) -> 0 | W36: =SUMIFS(MainData!F:F,MainData!$A:$A,$A36) -> 0 | X36: =IF($B36=$B$2,W36/X$3,W36/X$2) -> 0 | Y36: =SUMIFS(MainData!H:H,MainData!$A:$A,$A36) -> 0 | Z36: =IFERROR(Y36/$F36,0) -> 0 | AA36: =SUMIFS(MainData!I:I,MainData!$A:$A,$A36) -> 0 | AB36: =IFERROR(AA36/$F36,0) -> 0 | AD36: =MAX(AD$5,MIN(AD$4,AD$1*(H36/(AD$2-AD$3)-(AD$3/(AD$2-AD$3))))) -> 0 | AE36: =MAX(AE$5,MIN(AE$4,AE$1*(K36/(AE$2-AE$3)-(AE$3/(AE$2-AE$3))))) -> 0 | AF36: =MAX(AF$5,MIN(AF$4,AF$1*(N36/(AF$2-AF$3)-(AF$3/(AF$2-AF$3))))) -> 0 | AG36: =MAX(AG$5,MIN(AG$4,AG$1*(Q36/(AG$2-AG$3)-(AG$3/(AG$2-AG$3))))) -> 0 | AH36: =MIN(AH$4,MAX(AH$5,AH$1-AH$1*(Z36/(AH$3-AH$2)-(AH$2/(AH$3-AH$2))))) -> 15 | AI36: =MIN(AI$4,MAX(AI$5,AI$1-AI$1*(AB36/(AI$3-AI$2)-(AI$2/(AI$3-AI$2))))) -> 37.5 | AJ36: =MAX(AJ$5,MIN(AJ$4,AJ$1*(X36/(AJ$2-AJ$3)-(AJ$3/(AJ$2-AJ$3))))) -> 0 | AK36: =MAX(AK$5,MIN(AK$4,AK$1*(T36/(AK$2-AK$3)-(AK$3/(AK$2-AK$3))))) -> 0 | AL36: =MAX(AL$5,MIN(AL$4,AL$1*(V36/(AL$2-AL$3)-(AL$3/(AL$2-AL$3))))) -> 0 | AM36: =ROUND(SUM(AD36:AL36),0) -> 53 | AN36: =IF(AND(AB36<=AN$2,OR(AND(O36>=AO$3,L36>=AN$3),AND(O36>=AO$4,L36>=AN$4))),AM36,0) -> 0 | AO36: 950 | AP36: 0 | AQ36: 0 | AR36: =SUM(AO36:AQ36) -> 950 | AS36: =IF(AO36>0,ROUNDUP($AO36*AS$3,0),0) -> 760 | AT36: =AR36-AS36 -> 190 | AU36: =IF(AO36>0,ROUND(AN36/$AN$1*AU$3,0),0) -> 0 | AV36: =AU36+AS36 -> 760 | AW36: =AV36-AR36 -> -190 | AX36: =IFERROR(AV36/AR36,0) -> 0.8 | AY36: =AU36 -> 0 | AZ36: 70 | BC36: =VLOOKUP(A36,ImportDataWA!A$14:AG$112,33,0) -> #N/A | BD36: =AU36-AY36 -> 0
A37: Abass Abdul Ameer Kareem | B37: =VLOOKUP($A37,MainData!$A$4:$E$1967,2,FALSE) -> Micro | C37: =VLOOKUP($A37,MainData!$A$4:$E$1967,3,FALSE) -> Hayder Hussein Obayes | D37: =VLOOKUP($A37,MainData!$A$4:$E$1967,4,FALSE) -> Hashimiyah | E37: =VLOOKUP($A37,MainData!$A$4:$E$1967,5,FALSE) -> Hayder Hashim Mohammed | F37: =SUMIFS(MainData!G:G,MainData!$A:$A,$A37) -> 598048.84 | G37: =IF($B37=$B$4,0,IF($B37=$B$1,$E$1,IF($B37=$B$2,$E$2,IF($B37=$B$3,$E$3)))) -> 333333.33 | H37: =IFERROR(F37/G37,0) -> 1.7941465 | I37: =SUMIFS(MainData!F:F,MainData!$A:$A,$A37) -> 244 | J37: =IF($B37=$B$4,0,IF($B37=$B$2,ROUND(J$2/$C$2,0),IF($B37=$B$3,ROUND(J$3/$C$3,0),ROUND(J$1/$C$1,0)))) -> 400 | K37: =IFERROR(I37/J37,0) -> 0.61 | L37: =SUMIFS(MainData!K:K,MainData!$A:$A,$A37) -> 50000 | M37: =IF($B37=$B$4,0,IF($B37=$B$1,$K$1,IF($B37=$B$2,$K$2,IF($B37=$B$3,$K$3)))) -> 56818.18 | N37: =IFERROR(L37/M37,0) -> 0.88000003 | O37: =SUMIFS(MainData!J:J,MainData!$A:$A,$A37) -> 13 | P37: =IF($B37=$B$4,0,IF($B37=$B$1,VLOOKUP(D37,Target_Entry!$A$8:$AF$23,5,0),IF(LO!B37=LO!$B$2,VLOOKUP(LO!D37,Target_Entry!$A$8:$AF$23,25,0),IF(LO!B37=LO!$B$3,VLOOKUP(LO!D37,Target_Entry!$A$8:$AF$23,15,0))))) -> 15 | Q37: =IFERROR(O37/P37,0) -> 0.86666667 | R37: =SUMIFS(MainData!J:J,MainData!$A:$A,$A37) -> 13 | S37: =SUMIFS(MainData!M:M,MainData!$A:$A,$A37) -> 5 | T37: =IFERROR(S37/R37,0) -> 0.38461538 | U37: =SUMIFS(MainData!L:L,MainData!$A:$A,$A37) -> 7 | V37: =IFERROR(U37/R37,0) -> 0.53846154 | W37: =SUMIFS(MainData!F:F,MainData!$A:$A,$A37) -> 244 | X37: =IF($B37=$B$2,W37/X$3,W37/X$2) -> 0.976 | Y37: =SUMIFS(MainData!H:H,MainData!$A:$A,$A37) -> 14831.416 | Z37: =IFERROR(Y37/$F37,0) -> 0.024799673 | AA37: =SUMIFS(MainData!I:I,MainData!$A:$A,$A37) -> 0 | AB37: =IFERROR(AA37/$F37,0) -> 0 | AD37: =MAX(AD$5,MIN(AD$4,AD$1*(H37/(AD$2-AD$3)-(AD$3/(AD$2-AD$3))))) -> 10 | AE37: =MAX(AE$5,MIN(AE$4,AE$1*(K37/(AE$2-AE$3)-(AE$3/(AE$2-AE$3))))) -> 0 | AF37: =MAX(AF$5,MIN(AF$4,AF$1*(N37/(AF$2-AF$3)-(AF$3/(AF$2-AF$3))))) -> 18.000003 | AG37: =MAX(AG$5,MIN(AG$4,AG$1*(Q37/(AG$2-AG$3)-(AG$3/(AG$2-AG$3))))) -> 0 | AH37: =MIN(AH$4,MAX(AH$5,AH$1-AH$1*(Z37/(AH$3-AH$2)-(AH$2/(AH$3-AH$2))))) -> 7.5600981 | AI37: =MIN(AI$4,MAX(AI$5,AI$1-AI$1*(AB37/(AI$3-AI$2)-(AI$2/(AI$3-AI$2))))) -> 37.5 | AJ37: =MAX(AJ$5,MIN(AJ$4,AJ$1*(X37/(AJ$2-AJ$3)-(AJ$3/(AJ$2-AJ$3))))) -> 4.76 | AK37: =MAX(AK$5,MIN(AK$4,AK$1*(T37/(AK$2-AK$3)-(AK$3/(AK$2-AK$3))))) -> 1.8461538 | AL37: =MAX(AL$5,MIN(AL$4,AL$1*(V37/(AL$2-AL$3)-(AL$3/(AL$2-AL$3))))) -> 5 | AM37: =ROUND(SUM(AD37:AL37),0) -> 85 | AN37: =IF(AND(AB37<=AN$2,OR(AND(O37>=AO$3,L37>=AN$3),AND(O37>=AO$4,L37>=AN$4))),AM37,0) -> 0 | AO37: 789 | AP37: 90 | AQ37: 263 | AR37: =SUM(AO37:AQ37) -> 1142 | AS37: =IF(AO37>0,ROUNDUP($AO37*AS$3,0),0) -> 632 | AT37: =AR37-AS37 -> 510 | AU37: =IF(AO37>0,ROUND(AN37/$AN$1*AU$3,0),0) -> 0 | AV37: =AU37+AS37 -> 632 | AW37: =AV37-AR37 -> -510 | AX37: =IFERROR(AV37/AR37,0) -> 0.55341506 | AY37: =AU37 -> 0 | AZ37: =IF(O37<18,IF(AND(I37>0,I37<=60),60,IF(AND(I37>60,I37<=120),70,IF(AND(I37>120,I37<=200),80,IF(I37>200,90,0)))),IF(O37>=18,IF(AND(I37>0,I37<=60),70,IF(AND(I37>60,I37<=120),80,IF(AND(I37>120,I37<=200),90,100))))) -> 90 | BB37: =AU37-AY37 -> 0 | BC37: =VLOOKUP(A37,ImportDataWA!A$14:AG$112,33,0) -> 99.674377 | BD37: =AU37-AY37 -> 0
A38: Anees Obaid Merhij | B38: =VLOOKUP($A38,MainData!$A$4:$E$1967,2,FALSE) -> Micro | C38: =VLOOKUP($A38,MainData!$A$4:$E$1967,3,FALSE) -> Dhea Ghani Mohammad | D38: =VLOOKUP($A38,MainData!$A$4:$E$1967,4,FALSE) -> Hashimiyah | E38: =VLOOKUP($A38,MainData!$A$4:$E$1967,5,FALSE) -> Hayder Hashim Mohammed | F38: =SUMIFS(MainData!G:G,MainData!$A:$A,$A38) -> 718744.97 | G38: =IF($B38=$B$4,0,IF($B38=$B$1,$E$1,IF($B38=$B$2,$E$2,IF($B38=$B$3,$E$3)))) -> 333333.33 | H38: =IFERROR(F38/G38,0) -> 2.1562349 | I38: =SUMIFS(MainData!F:F,MainData!$A:$A,$A38) -> 279 | J38: =IF($B38=$B$4,0,IF($B38=$B$2,ROUND(J$2/$C$2,0),IF($B38=$B$3,ROUND(J$3/$C$3,0),ROUND(J$1/$C$1,0)))) -> 400 | K38: =IFERROR(I38/J38,0) -> 0.6975 | L38: =SUMIFS(MainData!K:K,MainData!$A:$A,$A38) -> 61363.636 | M38: =IF($B38=$B$4,0,IF($B38=$B$1,$K$1,IF($B38=$B$2,$K$2,IF($B38=$B$3,$K$3)))) -> 56818.18 | N38: =IFERROR(L38/M38,0) -> 1.08 | O38: =SUMIFS(MainData!J:J,MainData!$A:$A,$A38) -> 13 | P38: =IF($B38=$B$4,0,IF($B38=$B$1,VLOOKUP(D38,Target_Entry!$A$8:$AF$23,5,0),IF(LO!B38=LO!$B$2,VLOOKUP(LO!D38,Target_Entry!$A$8:$AF$23,25,0),IF(LO!B38=LO!$B$3,VLOOKUP(LO!D38,Target_Entry!$A$8:$AF$23,15,0))))) -> 15 | Q38: =IFERROR(O38/P38,0) -> 0.86666667 | R38: =SUMIFS(MainData!J:J,MainData!$A:$A,$A38) -> 13 | S38: =SUMIFS(MainData!M:M,MainData!$A:$A,$A38) -> 5 | T38: =IFERROR(S38/R38,0) -> 0.38461538 | U38: =SUMIFS(MainData!L:L,MainData!$A:$A,$A38) -> 6 | V38: =IFERROR(U38/R38,0) -> 0.46153846 | W38: =SUMIFS(MainData!F:F,MainData!$A:$A,$A38) -> 279 | X38: =IF($B38=$B$2,W38/X$3,W38/X$2) -> 1.116 | Y38: =SUMIFS(MainData!H:H,MainData!$A:$A,$A38) -> 3773.9205 | Z38: =IFERROR(Y38/$F38,0) -> 0.0052507088 | AA38: =SUMIFS(MainData!I:I,MainData!$A:$A,$A38) -> 9682.9316 | AB38: =IFERROR(AA38/$F38,0) -> 0.013471999 | AD38: =MAX(AD$5,MIN(AD$4,AD$1*(H38/(AD$2-AD$3)-(AD$3/(AD$2-AD$3))))) -> 10 | AE38: =MAX(AE$5,MIN(AE$4,AE$1*(K38/(AE$2-AE$3)-(AE$3/(AE$2-AE$3))))) -> 0 | AF38: =MAX(AF$5,MIN(AF$4,AF$1*(N38/(AF$2-AF$3)-(AF$3/(AF$2-AF$3))))) -> 38.000003 | AG38: =MAX(AG$5,MIN(AG$4,AG$1*(Q38/(AG$2-AG$3)-(AG$3/(AG$2-AG$3))))) -> 0 | AH38: =MIN(AH$4,MAX(AH$5,AH$1-AH$1*(Z38/(AH$3-AH$2)-(AH$2/(AH$3-AH$2))))) -> 13.424787 | AI38: =MIN(AI$4,MAX(AI$5,AI$1-AI$1*(AB38/(AI$3-AI$2)-(AI$2/(AI$3-AI$2))))) -> 34.132 | AJ38: =MAX(AJ$5,MIN(AJ$4,AJ$1*(X38/(AJ$2-AJ$3)-(AJ$3/(AJ$2-AJ$3))))) -> 5 | AK38: =MAX(AK$5,MIN(AK$4,AK$1*(T38/(AK$2-AK$3)-(AK$3/(AK$2-AK$3))))) -> 1.8461538 | AL38: =MAX(AL$5,MIN(AL$4,AL$1*(V38/(AL$2-AL$3)-(AL$3/(AL$2-AL$3))))) -> 5 | AM38: =ROUND(SUM(AD38:AL38),0) -> 107 | AN38: =IF(AND(AB38<=AN$2,OR(AND(O38>=AO$3,L38>=AN$3),AND(O38>=AO$4,L38>=AN$4))),AM38,0) -> 0 | AO38: 964 | AP38: 0 | AQ38: 239 | AR38: =SUM(AO38:AQ38) -> 1203 | AS38: =IF(AO38>0,ROUNDUP($AO38*AS$3,0),0) -> 772 | AT38: =AR38-AS38 -> 431 | AU38: =IF(AO38>0,ROUND(AN38/$AN$1*AU$3,0),0) -> 0 | AV38: =AU38+AS38 -> 772 | AW38: =AV38-AR38 -> -431 | AX38: =IFERROR(AV38/AR38,0) -> 0.64172901 | AY38: =AU38 -> 0 | AZ38: =IF(O38<18,IF(AND(I38>0,I38<=60),60,IF(AND(I38>60,I38<=120),70,IF(AND(I38>120,I38<=200),80,IF(I38>200,90,0)))),IF(O38>=18,IF(AND(I38>0,I38<=60),70,IF(AND(I38>60,I38<=120),80,IF(AND(I38>120,I38<=200),90,100))))) -> 90 | BB38: =AU38-AY38 -> 0 | BC38: =VLOOKUP(A38,ImportDataWA!A$14:AG$112,33,0) -> 99.161809 | BD38: =AU38-AY38 -> 0
A39: Dhea Ghani Mohammad | B39: =VLOOKUP($A39,MainData!$A$4:$E$1967,2,FALSE) -> Inactive | C39: =VLOOKUP($A39,MainData!$A$4:$E$1967,3,FALSE) -> Inactive | D39: =VLOOKUP($A39,MainData!$A$4:$E$1967,4,FALSE) -> Hashimiyah | E39: =VLOOKUP($A39,MainData!$A$4:$E$1967,5,FALSE) -> Inactive | F39: =SUMIFS(MainData!G:G,MainData!$A:$A,$A39) -> 22916.413 | G39: =IF($B39=$B$4,0,IF($B39=$B$1,$E$1,IF($B39=$B$2,$E$2,IF($B39=$B$3,$E$3)))) -> 0 | H39: =IFERROR(F39/G39,0) -> 0 | I39: =SUMIFS(MainData!F:F,MainData!$A:$A,$A39) -> 7 | J39: =IF($B39=$B$4,0,IF($B39=$B$2,ROUND(J$2/$C$2,0),IF($B39=$B$3,ROUND(J$3/$C$3,0),ROUND(J$1/$C$1,0)))) -> 0 | K39: =IFERROR(I39/J39,0) -> 0 | L39: =SUMIFS(MainData!K:K,MainData!$A:$A,$A39) -> 0 | M39: =IF($B39=$B$4,0,IF($B39=$B$1,$K$1,IF($B39=$B$2,$K$2,IF($B39=$B$3,$K$3)))) -> 0 | N39: =IFERROR(L39/M39,0) -> 0 | O39: =SUMIFS(MainData!J:J,MainData!$A:$A,$A39) -> 0 | P39: =IF($B39=$B$4,0,IF($B39=$B$1,VLOOKUP(D39,Target_Entry!$A$8:$AF$23,5,0),IF(LO!B39=LO!$B$2,VLOOKUP(LO!D39,Target_Entry!$A$8:$AF$23,25,0),IF(LO!B39=LO!$B$3,VLOOKUP(LO!D39,Target_Entry!$A$8:$AF$23,15,0))))) -> 0 | Q39: =IFERROR(O39/P39,0) -> 0 | R39: =SUMIFS(MainData!J:J,MainData!$A:$A,$A39) -> 0 | S39: =SUMIFS(MainData!M:M,MainData!$A:$A,$A39) -> 0 | T39: =IFERROR(S39/R39,0) -> 0 | U39: =SUMIFS(MainData!L:L,MainData!$A:$A,$A39) -> 0 | V39: =IFERROR(U39/R39,0) -> 0 | W39: =SUMIFS(MainData!F:F,MainData!$A:$A,$A39) -> 7 | X39: =IF($B39=$B$2,W39/X$3,W39/X$2) -> 0.028 | Y39: =SUMIFS(MainData!H:H,MainData!$A:$A,$A39) -> 0 | Z39: =IFERROR(Y39/$F39,0) -> 0 | AA39: =SUMIFS(MainData!I:I,MainData!$A:$A,$A39) -> 0 | AB39: =IFERROR(AA39/$F39,0) -> 0 | AD39: =MAX(AD$5,MIN(AD$4,AD$1*(H39/(AD$2-AD$3)-(AD$3/(AD$2-AD$3))))) -> 0 | AE39: =MAX(AE$5,MIN(AE$4,AE$1*(K39/(AE$2-AE$3)-(AE$3/(AE$2-AE$3))))) -> 0 | AF39: =MAX(AF$5,MIN(AF$4,AF$1*(N39/(AF$2-AF$3)-(AF$3/(AF$2-AF$3))))) -> 0 | AG39: =MAX(AG$5,MIN(AG$4,AG$1*(Q39/(AG$2-AG$3)-(AG$3/(AG$2-AG$3))))) -> 0 | AH39: =MIN(AH$4,MAX(AH$5,AH$1-AH$1*(Z39/(AH$3-AH$2)-(AH$2/(AH$3-AH$2))))) -> 15 | AI39: =MIN(AI$4,MAX(AI$5,AI$1-AI$1*(AB39/(AI$3-AI$2)-(AI$2/(AI$3-AI$2))))) -> 37.5 | AJ39: =MAX(AJ$5,MIN(AJ$4,AJ$1*(X39/(AJ$2-AJ$3)-(AJ$3/(AJ$2-AJ$3))))) -> 0 | AK39: =MAX(AK$5,MIN(AK$4,AK$1*(T39/(AK$2-AK$3)-(AK$3/(AK$2-AK$3))))) -> 0 | AL39: =MAX(AL$5,MIN(AL$4,AL$1*(V39/(AL$2-AL$3)-(AL$3/(AL$2-AL$3))))) -> 0 | AM39: =ROUND(SUM(AD39:AL39),0) -> 53 | AN39: =IF(AND(AB39<=AN$2,OR(AND(O39>=AO$3,L39>=AN$3),AND(O39>=AO$4,L39>=AN$4))),AM39,0) -> 0 | AO39: 900 | AP39: 25 | AQ39: 1 | AR39: =SUM(AO39:AQ39) -> 926 | AS39: =IF(AO39>0,ROUNDUP($AO39*AS$3,0),0) -> 720 | AT39: =AR39-AS39 -> 206 | AU39: =IF(AO39>0,ROUND(AN39/$AN$1*AU$3,0),0) -> 0 | AV39: =AU39+AS39 -> 720 | AW39: =AV39-AR39 -> -206 | AX39: =IFERROR(AV39/AR39,0) -> 0.7775378 | AY39: =AU39 -> 0 | AZ39: =IF(O39<18,IF(AND(I39>0,I39<=60),60,IF(AND(I39>60,I39<=120),70,IF(AND(I39>120,I39<=200),80,IF(I39>200,90,0)))),IF(O39>=18,IF(AND(I39>0,I39<=60),70,IF(AND(I39>60,I39<=120),80,IF(AND(I39>120,I39<=200),90,100))))) -> 60 | BB39: =AU39-AY39 -> 0 | BC39: =VLOOKUP(A39,ImportDataWA!A$14:AG$112,33,0) -> #N/A | BD39: =AU39-AY39 -> 0
A40: ZZ LOS Hayder Hussein Obayes | B40: =VLOOKUP($A40,MainData!$A$4:$E$1967,2,FALSE) -> Inactive | C40: =VLOOKUP($A40,MainData!$A$4:$E$1967,3,FALSE) -> Inactive | D40: =VLOOKUP($A40,MainData!$A$4:$E$1967,4,FALSE) -> Hashimiyah | E40: =VLOOKUP($A40,MainData!$A$4:$E$1967,5,FALSE) -> Inactive | F40: =SUMIFS(MainData!G:G,MainData!$A:$A,$A40) -> 0 | G40: =IF($B40=$B$4,0,IF($B40=$B$1,$E$1,IF($B40=$B$2,$E$2,IF($B40=$B$3,$E$3)))) -> 0 | H40: =IFERROR(F40/G40,0) -> 0 | I40: =SUMIFS(MainData!F:F,MainData!$A:$A,$A40) -> 0 | J40: =IF($B40=$B$4,0,IF($B40=$B$2,ROUND(J$2/$C$2,0),IF($B40=$B$3,ROUND(J$3/$C$3,0),ROUND(J$1/$C$1,0)))) -> 0 | K40: =IFERROR(I40/J40,0) -> 0 | L40: =SUMIFS(MainData!K:K,MainData!$A:$A,$A40) -> 0 | M40: =IF($B40=$B$4,0,IF($B40=$B$1,$K$1,IF($B40=$B$2,$K$2,IF($B40=$B$3,$K$3)))) -> 0 | N40: =IFERROR(L40/M40,0) -> 0 | O40: =SUMIFS(MainData!J:J,MainData!$A:$A,$A40) -> 0 | P40: =IF($B40=$B$4,0,IF($B40=$B$1,VLOOKUP(D40,Target_Entry!$A$8:$AF$23,5,0),IF(LO!B40=LO!$B$2,VLOOKUP(LO!D40,Target_Entry!$A$8:$AF$23,25,0),IF(LO!B40=LO!$B$3,VLOOKUP(LO!D40,Target_Entry!$A$8:$AF$23,15,0))))) -> 0 | Q40: =IFERROR(O40/P40,0) -> 0 | R40: =SUMIFS(MainData!J:J,MainData!$A:$A,$A40) -> 0 | S40: =SUMIFS(MainData!M:M,MainData!$A:$A,$A40) -> 0 | T40: =IFERROR(S40/R40,0) -> 0 | U40: =SUMIFS(MainData!L:L,MainData!$A:$A,$A40) -> 0 | V40: =IFERROR(U40/R40,0) -> 0 | W40: =SUMIFS(MainData!F:F,MainData!$A:$A,$A40) -> 0 | X40: =IF($B40=$B$2,W40/X$3,W40/X$2) -> 0 | Y40: =SUMIFS(MainData!H:H,MainData!$A:$A,$A40) -> 0 | Z40: =IFERROR(Y40/$F40,0) -> 0 | AA40: =SUMIFS(MainData!I:I,MainData!$A:$A,$A40) -> 0 | AB40: =IFERROR(AA40/$F40,0) -> 0 | AD40: =MAX(AD$5,MIN(AD$4,AD$1*(H40/(AD$2-AD$3)-(AD$3/(AD$2-AD$3))))) -> 0 | AE40: =MAX(AE$5,MIN(AE$4,AE$1*(K40/(AE$2-AE$3)-(AE$3/(AE$2-AE$3))))) -> 0 | AF40: =MAX(AF$5,MIN(AF$4,AF$1*(N40/(AF$2-AF$3)-(AF$3/(AF$2-AF$3))))) -> 0 | AG40: =MAX(AG$5,MIN(AG$4,AG$1*(Q40/(AG$2-AG$3)-(AG$3/(AG$2-AG$3))))) -> 0 | AH40: =MIN(AH$4,MAX(AH$5,AH$1-AH$1*(Z40/(AH$3-AH$2)-(AH$2/(AH$3-AH$2))))) -> 15 | AI40: =MIN(AI$4,MAX(AI$5,AI$1-AI$1*(AB40/(AI$3-AI$2)-(AI$2/(AI$3-AI$2))))) -> 37.5 | AJ40: =MAX(AJ$5,MIN(AJ$4,AJ$1*(X40/(AJ$2-AJ$3)-(AJ$3/(AJ$2-AJ$3))))) -> 0 | AK40: =MAX(AK$5,MIN(AK$4,AK$1*(T40/(AK$2-AK$3)-(AK$3/(AK$2-AK$3))))) -> 0 | AL40: =MAX(AL$5,MIN(AL$4,AL$1*(V40/(AL$2-AL$3)-(AL$3/(AL$2-AL$3))))) -> 0 | AM40: =ROUND(SUM(AD40:AL40),0) -> 53 | AN40: =IF(AND(AB40<=AN$2,OR(AND(O40>=AO$3,L40>=AN$3),AND(O40>=AO$4,L40>=AN$4))),AM40,0) -> 0
A41: Kadhum Jawad Abdulkadhum | B41: =VLOOKUP($A41,MainData!$A$4:$E$1967,2,FALSE) -> Micro | C41: =VLOOKUP($A41,MainData!$A$4:$E$1967,3,FALSE) -> Hayder Hussein Obayes | D41: =VLOOKUP($A41,MainData!$A$4:$E$1967,4,FALSE) -> Hashimiyah | E41: =VLOOKUP($A41,MainData!$A$4:$E$1967,5,FALSE) -> Hayder Hashim Mohammed | F41: =SUMIFS(MainData!G:G,MainData!$A:$A,$A41) -> 756561.45 | G41: =IF($B41=$B$4,0,IF($B41=$B$1,$E$1,IF($B41=$B$2,$E$2,IF($B41=$B$3,$E$3)))) -> 333333.33 | H41: =IFERROR(F41/G41,0) -> 2.2696844 | I41: =SUMIFS(MainData!F:F,MainData!$A:$A,$A41) -> 225 | J41: =IF($B41=$B$4,0,IF($B41=$B$2,ROUND(J$2/$C$2,0),IF($B41=$B$3,ROUND(J$3/$C$3,0),ROUND(J$1/$C$1,0)))) -> 400 | K41: =IFERROR(I41/J41,0) -> 0.5625 | L41: =SUMIFS(MainData!K:K,MainData!$A:$A,$A41) -> 76439.394 | M41: =IF($B41=$B$4,0,IF($B41=$B$1,$K$1,IF($B41=$B$2,$K$2,IF($B41=$B$3,$K$3)))) -> 56818.18 | N41: =IFERROR(L41/M41,0) -> 1.3453334 | O41: =SUMIFS(MainData!J:J,MainData!$A:$A,$A41) -> 16 | P41: =IF($B41=$B$4,0,IF($B41=$B$1,VLOOKUP(D41,Target_Entry!$A$8:$AF$23,5,0),IF(LO!B41=LO!$B$2,VLOOKUP(LO!D41,Target_Entry!$A$8:$AF$23,25,0),IF(LO!B41=LO!$B$3,VLOOKUP(LO!D41,Target_Entry!$A$8:$AF$23,15,0))))) -> 15 | Q41: =IFERROR(O41/P41,0) -> 1.0666667 | R41: =SUMIFS(MainData!J:J,MainData!$A:$A,$A41) -> 16 | S41: =SUMIFS(MainData!M:M,MainData!$A:$A,$A41) -> 14 | T41: =IFERROR(S41/R41,0) -> 0.875 | U41: =SUMIFS(MainData!L:L,MainData!$A:$A,$A41) -> 8 | V41: =IFERROR(U41/R41,0) -> 0.5 | W41: =SUMIFS(MainData!F:F,MainData!$A:$A,$A41) -> 225 | X41: =IF($B41=$B$2,W41/X$3,W41/X$2) -> 0.9 | Y41: =SUMIFS(MainData!H:H,MainData!$A:$A,$A41) -> 0 | Z41: =IFERROR(Y41/$F41,0) -> 0 | AA41: =SUMIFS(MainData!I:I,MainData!$A:$A,$A41) -> 0 | AB41: =IFERROR(AA41/$F41,0) -> 0 | AD41: =MAX(AD$5,MIN(AD$4,AD$1*(H41/(AD$2-AD$3)-(AD$3/(AD$2-AD$3))))) -> 10 | AE41: =MAX(AE$5,MIN(AE$4,AE$1*(K41/(AE$2-AE$3)-(AE$3/(AE$2-AE$3))))) -> 0 | AF41: =MAX(AF$5,MIN(AF$4,AF$1*(N41/(AF$2-AF$3)-(AF$3/(AF$2-AF$3))))) -> 45 | AG41: =MAX(AG$5,MIN(AG$4,AG$1*(Q41/(AG$2-AG$3)-(AG$3/(AG$2-AG$3))))) -> 0 | AH41: =MIN(AH$4,MAX(AH$5,AH$1-AH$1*(Z41/(AH$3-AH$2)-(AH$2/(AH$3-AH$2))))) -> 15 | AI41: =MIN(AI$4,MAX(AI$5,AI$1-AI$1*(AB41/(AI$3-AI$2)-(AI$2/(AI$3-AI$2))))) -> 37.5 | AJ41: =MAX(AJ$5,MIN(AJ$4,AJ$1*(X41/(AJ$2-AJ$3)-(AJ$3/(AJ$2-AJ$3))))) -> 4 | AK41: =MAX(AK$5,MIN(AK$4,AK$1*(T41/(AK$2-AK$3)-(AK$3/(AK$2-AK$3))))) -> 5 | AL41: =MAX(AL$5,MIN(AL$4,AL$1*(V41/(AL$2-AL$3)-(AL$3/(AL$2-AL$3))))) -> 5 | AM41: =ROUND(SUM(AD41:AL41),0) -> 122 | AN41: =IF(AND(AB41<=AN$2,OR(AND(O41>=AO$3,L41>=AN$3),AND(O41>=AO$4,L41>=AN$4))),AM41,0) -> 122 | AO41: 843 | AP41: 246 | AQ41: 375 | AR41: =SUM(AO41:AQ41) -> 1464 | AS41: =IF(AO41>0,ROUNDUP($AO41*AS$3,0),0) -> 675 | AT41: =AR41-AS41 -> 789 | AU41: =IF(AO41>0,ROUND(AN41/$AN$1*AU$3,0),0) -> 793 | AV41: =AU41+AS41 -> 1468 | AW41: =AV41-AR41 -> 4 | AX41: =IFERROR(AV41/AR41,0) -> 1.0027322 | AY41: =AU41 -> 793 | AZ41: =IF(O41<18,IF(AND(I41>0,I41<=60),60,IF(AND(I41>60,I41<=120),70,IF(AND(I41>120,I41<=200),80,IF(I41>200,90,0)))),IF(O41>=18,IF(AND(I41>0,I41<=60),70,IF(AND(I41>60,I41<=120),80,IF(AND(I41>120,I41<=200),90,100))))) -> 90 | BB41: =AU41-AY41 -> 0 | BC41: =VLOOKUP(A41,ImportDataWA!A$14:AG$112,33,0) -> 100 | BD41: =AU41-AY41 -> 0
A42: Hussain Taleb Obbes | B42: =VLOOKUP($A42,MainData!$A$4:$E$1967,2,FALSE) -> Micro | C42: =VLOOKUP($A42,MainData!$A$4:$E$1967,3,FALSE) -> Dhea Ghani Mohammad | D42: =VLOOKUP($A42,MainData!$A$4:$E$1967,4,FALSE) -> Hashimiyah | E42: =VLOOKUP($A42,MainData!$A$4:$E$1967,5,FALSE) -> Hayder Hashim Mohammed | F42: =SUMIFS(MainData!G:G,MainData!$A:$A,$A42) -> 892400.21 | G42: =IF($B42=$B$4,0,IF($B42=$B$1,$E$1,IF($B42=$B$2,$E$2,IF($B42=$B$3,$E$3)))) -> 333333.33 | H42: =IFERROR(F42/G42,0) -> 2.6772006 | I42: =SUMIFS(MainData!F:F,MainData!$A:$A,$A42) -> 289 | J42: =IF($B42=$B$4,0,IF($B42=$B$2,ROUND(J$2/$C$2,0),IF($B42=$B$3,ROUND(J$3/$C$3,0),ROUND(J$1/$C$1,0)))) -> 400 | K42: =IFERROR(I42/J42,0) -> 0.7225 | L42: =SUMIFS(MainData!K:K,MainData!$A:$A,$A42) -> 53787.879 | M42: =IF($B42=$B$4,0,IF($B42=$B$1,$K$1,IF($B42=$B$2,$K$2,IF($B42=$B$3,$K$3)))) -> 56818.18 | N42: =IFERROR(L42/M42,0) -> 0.9466667 | O42: =SUMIFS(MainData!J:J,MainData!$A:$A,$A42) -> 12 | P42: =IF($B42=$B$4,0,IF($B42=$B$1,VLOOKUP(D42,Target_Entry!$A$8:$AF$23,5,0),IF(LO!B42=LO!$B$2,VLOOKUP(LO!D42,Target_Entry!$A$8:$AF$23,25,0),IF(LO!B42=LO!$B$3,VLOOKUP(LO!D42,Target_Entry!$A$8:$AF$23,15,0))))) -> 15 | Q42: =IFERROR(O42/P42,0) -> 0.8 | R42: =SUMIFS(MainData!J:J,MainData!$A:$A,$A42) -> 12 | S42: =SUMIFS(MainData!M:M,MainData!$A:$A,$A42) -> 9 | T42: =IFERROR(S42/R42,0) -> 0.75 | U42: =SUMIFS(MainData!L:L,MainData!$A:$A,$A42) -> 3 | V42: =IFERROR(U42/R42,0) -> 0.25 | W42: =SUMIFS(MainData!F:F,MainData!$A:$A,$A42) -> 289 | X42: =IF($B42=$B$2,W42/X$3,W42/X$2) -> 1.156 | Y42: =SUMIFS(MainData!H:H,MainData!$A:$A,$A42) -> 10984.036 | Z42: =IFERROR(Y42/$F42,0) -> 0.012308419 | AA42: =SUMIFS(MainData!I:I,MainData!$A:$A,$A42) -> 9481.7196 | AB42: =IFERROR(AA42/$F42,0) -> 0.010624964 | AD42: =MAX(AD$5,MIN(AD$4,AD$1*(H42/(AD$2-AD$3)-(AD$3/(AD$2-AD$3))))) -> 10 | AE42: =MAX(AE$5,MIN(AE$4,AE$1*(K42/(AE$2-AE$3)-(AE$3/(AE$2-AE$3))))) -> 0 | AF42: =MAX(AF$5,MIN(AF$4,AF$1*(N42/(AF$2-AF$3)-(AF$3/(AF$2-AF$3))))) -> 24.66667 | AG42: =MAX(AG$5,MIN(AG$4,AG$1*(Q42/(AG$2-AG$3)-(AG$3/(AG$2-AG$3))))) -> 0 | AH42: =MIN(AH$4,MAX(AH$5,AH$1-AH$1*(Z42/(AH$3-AH$2)-(AH$2/(AH$3-AH$2))))) -> 11.307474 | AI42: =MIN(AI$4,MAX(AI$5,AI$1-AI$1*(AB42/(AI$3-AI$2)-(AI$2/(AI$3-AI$2))))) -> 34.843759 | AJ42: =MAX(AJ$5,MIN(AJ$4,AJ$1*(X42/(AJ$2-AJ$3)-(AJ$3/(AJ$2-AJ$3))))) -> 5 | AK42: =MAX(AK$5,MIN(AK$4,AK$1*(T42/(AK$2-AK$3)-(AK$3/(AK$2-AK$3))))) -> 5 | AL42: =MAX(AL$5,MIN(AL$4,AL$1*(V42/(AL$2-AL$3)-(AL$3/(AL$2-AL$3))))) -> 4.1666667 | AM42: =ROUND(SUM(AD42:AL42),0) -> 95 | AN42: =IF(AND(AB42<=AN$2,OR(AND(O42>=AO$3,L42>=AN$3),AND(O42>=AO$4,L42>=AN$4))),AM42,0) -> 0 | AO42: 913 | AP42: 0 | AQ42: 19 | AR42: =SUM(AO42:AQ42) -> 932 | AS42: =IF(AO42>0,ROUNDUP($AO42*AS$3,0),0) -> 731 | AT42: =AR42-AS42 -> 201 | AU42: =IF(AO42>0,ROUND(AN42/$AN$1*AU$3,0),0) -> 0 | AV42: =AU42+AS42 -> 731 | AW42: =AV42-AR42 -> -201 | AX42: =IFERROR(AV42/AR42,0) -> 0.78433476 | AY42: =AU42 -> 0 | AZ42: =IF(O42<18,IF(AND(I42>0,I42<=60),60,IF(AND(I42>60,I42<=120),70,IF(AND(I42>120,I42<=200),80,IF(I42>200,90,0)))),IF(O42>=18,IF(AND(I42>0,I42<=60),70,IF(AND(I42>60,I42<=120),80,IF(AND(I42>120,I42<=200),90,100))))) -> 90 | BB42: =AU42-AY42 -> 0 | BC42: =VLOOKUP(A42,ImportDataWA!A$14:AG$112,33,0) -> 99.053002 | BD42: =AU42-AY42 -> 0
A43: Salah Mahdi Hashim | B43: =VLOOKUP($A43,MainData!$A$4:$E$1967,2,FALSE) -> SE | C43: =VLOOKUP($A43,MainData!$A$4:$E$1967,3,FALSE) -> Hayder Hussein Obayes | D43: =VLOOKUP($A43,MainData!$A$4:$E$1967,4,FALSE) -> Hashimiyah | E43: =VLOOKUP($A43,MainData!$A$4:$E$1967,5,FALSE) -> Ammar Jawad hasan | F43: =SUMIFS(MainData!G:G,MainData!$A:$A,$A43) -> 865489.54 | G43: =IF($B43=$B$4,0,IF($B43=$B$1,$E$1,IF($B43=$B$2,$E$2,IF($B43=$B$3,$E$3)))) -> 2111111.1 | H43: =IFERROR(F43/G43,0) -> 0.40996873 | I43: =SUMIFS(MainData!F:F,MainData!$A:$A,$A43) -> 83 | J43: =IF($B43=$B$4,0,IF($B43=$B$2,ROUND(J$2/$C$2,0),IF($B43=$B$3,ROUND(J$3/$C$3,0),ROUND(J$1/$C$1,0)))) -> 222 | K43: =IFERROR(I43/J43,0) -> 0.37387387 | L43: =SUMIFS(MainData!K:K,MainData!$A:$A,$A43) -> 86363.636 | M43: =IF($B43=$B$4,0,IF($B43=$B$1,$K$1,IF($B43=$B$2,$K$2,IF($B43=$B$3,$K$3)))) -> 94696.97 | N43: =IFERROR(L43/M43,0) -> 0.912 | O43: =SUMIFS(MainData!J:J,MainData!$A:$A,$A43) -> 5 | P43: =IF($B43=$B$4,0,IF($B43=$B$1,VLOOKUP(D43,Target_Entry!$A$8:$AF$23,5,0),IF(LO!B43=LO!$B$2,VLOOKUP(LO!D43,Target_Entry!$A$8:$AF$23,25,0),IF(LO!B43=LO!$B$3,VLOOKUP(LO!D43,Target_Entry!$A$8:$AF$23,15,0))))) -> 3 | Q43: =IFERROR(O43/P43,0) -> 1.6666667 | R43: =SUMIFS(MainData!J:J,MainData!$A:$A,$A43) -> 5 | S43: =SUMIFS(MainData!M:M,MainData!$A:$A,$A43) -> 4 | T43: =IFERROR(S43/R43,0) -> 0.8 | U43: =SUMIFS(MainData!L:L,MainData!$A:$A,$A43) -> 1 | V43: =IFERROR(U43/R43,0) -> 0.2 | W43: =SUMIFS(MainData!F:F,MainData!$A:$A,$A43) -> 83 | X43: =IF($B43=$B$2,W43/X$3,W43/X$2) -> 0.83 | Y43: =SUMIFS(MainData!H:H,MainData!$A:$A,$A43) -> 0 | Z43: =IFERROR(Y43/$F43,0) -> 0 | AA43: =SUMIFS(MainData!I:I,MainData!$A:$A,$A43) -> 8242.8173 | AB43: =IFERROR(AA43/$F43,0) -> 0.0095238786 | AD43: =MAX(AD$5,MIN(AD$4,AD$1*(H43/(AD$2-AD$3)-(AD$3/(AD$2-AD$3))))) -> 0 | AE43: =MAX(AE$5,MIN(AE$4,AE$1*(K43/(AE$2-AE$3)-(AE$3/(AE$2-AE$3))))) -> 0 | AF43: =MAX(AF$5,MIN(AF$4,AF$1*(N43/(AF$2-AF$3)-(AF$3/(AF$2-AF$3))))) -> 21.2 | AG43: =MAX(AG$5,MIN(AG$4,AG$1*(Q43/(AG$2-AG$3)-(AG$3/(AG$2-AG$3))))) -> 0 | AH43: =MIN(AH$4,MAX(AH$5,AH$1-AH$1*(Z43/(AH$3-AH$2)-(AH$2/(AH$3-AH$2))))) -> 15 | AI43: =MIN(AI$4,MAX(AI$5,AI$1-AI$1*(AB43/(AI$3-AI$2)-(AI$2/(AI$3-AI$2))))) -> 35.11903 | AJ43: =MAX(AJ$5,MIN(AJ$4,AJ$1*(X43/(AJ$2-AJ$3)-(AJ$3/(AJ$2-AJ$3))))) -> 3.3 | AK43: =MAX(AK$5,MIN(AK$4,AK$1*(T43/(AK$2-AK$3)-(AK$3/(AK$2-AK$3))))) -> 5 | AL43: =MAX(AL$5,MIN(AL$4,AL$1*(V43/(AL$2-AL$3)-(AL$3/(AL$2-AL$3))))) -> 3.3333333 | AM43: =ROUND(SUM(AD43:AL43),0) -> 83 | AN43: =IF(AND(AB43<=AN$2,OR(AND(O43>=AO$3,L43>=AN$3),AND(O43>=AO$4,L43>=AN$4))),AM43,0) -> 0 | AR43: =SUM(AO43:AQ43) -> 0 | AS43: =IF(AO43>0,ROUNDUP($AO43*AS$3,0),0) -> 0 | AT43: =AR43-AS43 -> 0 | AU43: =IF(AO43>0,ROUND(AN43/$AN$1*AU$3,0),0) -> 0 | AV43: =AU43+AS43 -> 0 | AW43: =AV43-AR43 -> 0 | AX43: =IFERROR(AV43/AR43,0) -> 0 | AY43: =IF(O43<3,0,0)+IF(O43=3,300,0)+IF(O43=4,400,0)+IF(O43=5,500,0)+IF(O43=6,600,0) -> 500 | AZ43: =IF(O43<3,75)+IF(O43=3,150)+IF(O43=4,150)+IF(O43=5,150)+IF(O43>=6,200) -> 150 | BA43: 3 | BB43: =AU43-AY43 -> -500 | BC43: =VLOOKUP(A43,ImportDataWA!A$14:AG$112,33,0) -> 98.965441 | BD43: =AU43-AY43 -> -500
A44: Salah Salam Hosny | B44: =VLOOKUP($A44,MainData!$A$4:$E$1967,2,FALSE) -> Micro | C44: =VLOOKUP($A44,MainData!$A$4:$E$1967,3,FALSE) -> Dhea Ghani Mohammad | D44: =VLOOKUP($A44,MainData!$A$4:$E$1967,4,FALSE) -> Hashimiyah | E44: =VLOOKUP($A44,MainData!$A$4:$E$1967,5,FALSE) -> Hayder Hashim Mohammed | F44: =SUMIFS(MainData!G:G,MainData!$A:$A,$A44) -> 737569.93 | G44: =IF($B44=$B$4,0,IF($B44=$B$1,$E$1,IF($B44=$B$2,$E$2,IF($B44=$B$3,$E$3)))) -> 333333.33 | H44: =IFERROR(F44/G44,0) -> 2.2127098 | I44: =SUMIFS(MainData!F:F,MainData!$A:$A,$A44) -> 252 | J44: =IF($B44=$B$4,0,IF($B44=$B$2,ROUND(J$2/$C$2,0),IF($B44=$B$3,ROUND(J$3/$C$3,0),ROUND(J$1/$C$1,0)))) -> 400 | K44: =IFERROR(I44/J44,0) -> 0.63 | L44: =SUMIFS(MainData!K:K,MainData!$A:$A,$A44) -> 78787.879 | M44: =IF($B44=$B$4,0,IF($B44=$B$1,$K$1,IF($B44=$B$2,$K$2,IF($B44=$B$3,$K$3)))) -> 56818.18 | N44: =IFERROR(L44/M44,0) -> 1.3866667 | O44: =SUMIFS(MainData!J:J,MainData!$A:$A,$A44) -> 15 | P44: =IF($B44=$B$4,0,IF($B44=$B$1,VLOOKUP(D44,Target_Entry!$A$8:$AF$23,5,0),IF(LO!B44=LO!$B$2,VLOOKUP(LO!D44,Target_Entry!$A$8:$AF$23,25,0),IF(LO!B44=LO!$B$3,VLOOKUP(LO!D44,Target_Entry!$A$8:$AF$23,15,0))))) -> 15 | Q44: =IFERROR(O44/P44,0) -> 1 | R44: =SUMIFS(MainData!J:J,MainData!$A:$A,$A44) -> 15 | S44: =SUMIFS(MainData!M:M,MainData!$A:$A,$A44) -> 7 | T44: =IFERROR(S44/R44,0) -> 0.46666667 | U44: =SUMIFS(MainData!L:L,MainData!$A:$A,$A44) -> 5 | V44: =IFERROR(U44/R44,0) -> 0.33333333 | W44: =SUMIFS(MainData!F:F,MainData!$A:$A,$A44) -> 252 | X44: =IF($B44=$B$2,W44/X$3,W44/X$2) -> 1.008 | Y44: =SUMIFS(MainData!H:H,MainData!$A:$A,$A44) -> 0 | Z44: =IFERROR(Y44/$F44,0) -> 0 | AA44: =SUMIFS(MainData!I:I,MainData!$A:$A,$A44) -> 0 | AB44: =IFERROR(AA44/$F44,0) -> 0 | AD44: =MAX(AD$5,MIN(AD$4,AD$1*(H44/(AD$2-AD$3)-(AD$3/(AD$2-AD$3))))) -> 10 | AE44: =MAX(AE$5,MIN(AE$4,AE$1*(K44/(AE$2-AE$3)-(AE$3/(AE$2-AE$3))))) -> 0 | AF44: =MAX(AF$5,MIN(AF$4,AF$1*(N44/(AF$2-AF$3)-(AF$3/(AF$2-AF$3))))) -> 45 | AG44: =MAX(AG$5,MIN(AG$4,AG$1*(Q44/(AG$2-AG$3)-(AG$3/(AG$2-AG$3))))) -> 0 | AH44: =MIN(AH$4,MAX(AH$5,AH$1-AH$1*(Z44/(AH$3-AH$2)-(AH$2/(AH$3-AH$2))))) -> 15 | AI44: =MIN(AI$4,MAX(AI$5,AI$1-AI$1*(AB44/(AI$3-AI$2)-(AI$2/(AI$3-AI$2))))) -> 37.5 | AJ44: =MAX(AJ$5,MIN(AJ$4,AJ$1*(X44/(AJ$2-AJ$3)-(AJ$3/(AJ$2-AJ$3))))) -> 5 | AK44: =MAX(AK$5,MIN(AK$4,AK$1*(T44/(AK$2-AK$3)-(AK$3/(AK$2-AK$3))))) -> 2.6666667 | AL44: =MAX(AL$5,MIN(AL$4,AL$1*(V44/(AL$2-AL$3)-(AL$3/(AL$2-AL$3))))) -> 5 | AM44: =ROUND(SUM(AD44:AL44),0) -> 120 | AN44: =IF(AND(AB44<=AN$2,OR(AND(O44>=AO$3,L44>=AN$3),AND(O44>=AO$4,L44>=AN$4))),AM44,0) -> 120 | AO44: 743 | AP44: 130 | AQ44: 281 | AR44: =SUM(AO44:AQ44) -> 1154 | AS44: =IF(AO44>0,ROUNDUP($AO44*AS$3,0),0) -> 595 | AT44: =AR44-AS44 -> 559 | AU44: =IF(AO44>0,ROUND(AN44/$AN$1*AU$3,0),0) -> 780 | AV44: =AU44+AS44 -> 1375 | AW44: =AV44-AR44 -> 221 | AX44: =IFERROR(AV44/AR44,0) -> 1.1915078 | AY44: =AU44 -> 780 | AZ44: =IF(O44<18,IF(AND(I44>0,I44<=60),60,IF(AND(I44>60,I44<=120),70,IF(AND(I44>120,I44<=200),80,IF(I44>200,90,0)))),IF(O44>=18,IF(AND(I44>0,I44<=60),70,IF(AND(I44>60,I44<=120),80,IF(AND(I44>120,I44<=200),90,100))))) -> 90 | BB44: =AU44-AY44 -> 0 | BC44: =VLOOKUP(A44,ImportDataWA!A$14:AG$112,33,0) -> 100 | BD44: =AU44-AY44 -> 0
A45: Zahraa Hameed Hassan | B45: =VLOOKUP($A45,MainData!$A$4:$E$1967,2,FALSE) -> Inactive | C45: =VLOOKUP($A45,MainData!$A$4:$E$1967,3,FALSE) -> Inactive | D45: =VLOOKUP($A45,MainData!$A$4:$E$1967,4,FALSE) -> Hashimiyah | E45: =VLOOKUP($A45,MainData!$A$4:$E$1967,5,FALSE) -> Inactive | F45: =SUMIFS(MainData!G:G,MainData!$A:$A,$A45) -> 0 | G45: =IF($B45=$B$4,0,IF($B45=$B$1,$E$1,IF($B45=$B$2,$E$2,IF($B45=$B$3,$E$3)))) -> 0 | H45: =IFERROR(F45/G45,0) -> 0 | I45: =SUMIFS(MainData!F:F,MainData!$A:$A,$A45) -> 0 | J45: =IF($B45=$B$4,0,IF($B45=$B$2,ROUND(J$2/$C$2,0),IF($B45=$B$3,ROUND(J$3/$C$3,0),ROUND(J$1/$C$1,0)))) -> 0 | K45: =IFERROR(I45/J45,0) -> 0 | L45: =SUMIFS(MainData!K:K,MainData!$A:$A,$A45) -> 0 | M45: =IF($B45=$B$4,0,IF($B45=$B$1,$K$1,IF($B45=$B$2,$K$2,IF($B45=$B$3,$K$3)))) -> 0 | N45: =IFERROR(L45/M45,0) -> 0 | O45: =SUMIFS(MainData!J:J,MainData!$A:$A,$A45) -> 0 | P45: =IF($B45=$B$4,0,IF($B45=$B$1,VLOOKUP(D45,Target_Entry!$A$8:$AF$23,5,0),IF(LO!B45=LO!$B$2,VLOOKUP(LO!D45,Target_Entry!$A$8:$AF$23,25,0),IF(LO!B45=LO!$B$3,VLOOKUP(LO!D45,Target_Entry!$A$8:$AF$23,15,0))))) -> 0 | Q45: =IFERROR(O45/P45,0) -> 0 | R45: =SUMIFS(MainData!J:J,MainData!$A:$A,$A45) -> 0 | S45: =SUMIFS(MainData!M:M,MainData!$A:$A,$A45) -> 0 | T45: =IFERROR(S45/R45,0) -> 0 | U45: =SUMIFS(MainData!L:L,MainData!$A:$A,$A45) -> 0 | V45: =IFERROR(U45/R45,0) -> 0 | W45: =SUMIFS(MainData!F:F,MainData!$A:$A,$A45) -> 0 | X45: =IF($B45=$B$2,W45/X$3,W45/X$2) -> 0 | Y45: =SUMIFS(MainData!H:H,MainData!$A:$A,$A45) -> 0 | Z45: =IFERROR(Y45/$F45,0) -> 0 | AA45: =SUMIFS(MainData!I:I,MainData!$A:$A,$A45) -> 0 | AB45: =IFERROR(AA45/$F45,0) -> 0 | AD45: =MAX(AD$5,MIN(AD$4,AD$1*(H45/(AD$2-AD$3)-(AD$3/(AD$2-AD$3))))) -> 0 | AE45: =MAX(AE$5,MIN(AE$4,AE$1*(K45/(AE$2-AE$3)-(AE$3/(AE$2-AE$3))))) -> 0 | AF45: =MAX(AF$5,MIN(AF$4,AF$1*(N45/(AF$2-AF$3)-(AF$3/(AF$2-AF$3))))) -> 0 | AG45: =MAX(AG$5,MIN(AG$4,AG$1*(Q45/(AG$2-AG$3)-(AG$3/(AG$2-AG$3))))) -> 0 | AH45: =MIN(AH$4,MAX(AH$5,AH$1-AH$1*(Z45/(AH$3-AH$2)-(AH$2/(AH$3-AH$2))))) -> 15 | AI45: =MIN(AI$4,MAX(AI$5,AI$1-AI$1*(AB45/(AI$3-AI$2)-(AI$2/(AI$3-AI$2))))) -> 37.5 | AJ45: =MAX(AJ$5,MIN(AJ$4,AJ$1*(X45/(AJ$2-AJ$3)-(AJ$3/(AJ$2-AJ$3))))) -> 0 | AK45: =MAX(AK$5,MIN(AK$4,AK$1*(T45/(AK$2-AK$3)-(AK$3/(AK$2-AK$3))))) -> 0 | AL45: =MAX(AL$5,MIN(AL$4,AL$1*(V45/(AL$2-AL$3)-(AL$3/(AL$2-AL$3))))) -> 0 | AM45: =ROUND(SUM(AD45:AL45),0) -> 53 | AN45: =IF(AND(AB45<=AN$2,OR(AND(O45>=AO$3,L45>=AN$3),AND(O45>=AO$4,L45>=AN$4))),AM45,0) -> 0 | AO45: 715 | AP45: 44 | AQ45: 50 | AR45: =SUM(AO45:AQ45) -> 809 | AS45: =IF(AO45>0,ROUNDUP($AO45*AS$3,0),0) -> 572 | AT45: =AR45-AS45 -> 237 | AU45: =IF(AO45>0,ROUND(AN45/$AN$1*AU$3,0),0) -> 0 | AV45: =AU45+AS45 -> 572 | AW45: =AV45-AR45 -> -237 | AX45: =IFERROR(AV45/AR45,0) -> 0.70704574 | AY45: =AU45 -> 0 | AZ45: =IF(O45<18,IF(AND(I45>0,I45<=60),60,IF(AND(I45>60,I45<=120),70,IF(AND(I45>120,I45<=200),80,IF(I45>200,90,0)))),IF(O45>=18,IF(AND(I45>0,I45<=60),70,IF(AND(I45>60,I45<=120),80,IF(AND(I45>120,I45<=200),90,100))))) -> 0 | BB45: =AU45-AY45 -> 0 | BC45: =VLOOKUP(A45,ImportDataWA!A$14:AG$112,33,0) -> #N/A | BD45: =AU45-AY45 -> 0
A46: Ahmad Saadi Taha | B46: =VLOOKUP($A46,MainData!$A$4:$E$1967,2,FALSE) -> SE | C46: =VLOOKUP($A46,MainData!$A$4:$E$1967,3,FALSE) -> Hasanain Kadhum Abed | D46: =VLOOKUP($A46,MainData!$A$4:$E$1967,4,FALSE) -> Hilla | E46: =VLOOKUP($A46,MainData!$A$4:$E$1967,5,FALSE) -> Ammar Jawad hasan | F46: =SUMIFS(MainData!G:G,MainData!$A:$A,$A46) -> 1455457.4 | G46: =IF($B46=$B$4,0,IF($B46=$B$1,$E$1,IF($B46=$B$2,$E$2,IF($B46=$B$3,$E$3)))) -> 2111111.1 | H46: =IFERROR(F46/G46,0) -> 0.68942721 | I46: =SUMIFS(MainData!F:F,MainData!$A:$A,$A46) -> 73 | J46: =IF($B46=$B$4,0,IF($B46=$B$2,ROUND(J$2/$C$2,0),IF($B46=$B$3,ROUND(J$3/$C$3,0),ROUND(J$1/$C$1,0)))) -> 222 | K46: =IFERROR(I46/J46,0) -> 0.32882883 | L46: =SUMIFS(MainData!K:K,MainData!$A:$A,$A46) -> 0 | M46: =IF($B46=$B$4,0,IF($B46=$B$1,$K$1,IF($B46=$B$2,$K$2,IF($B46=$B$3,$K$3)))) -> 94696.97 | N46: =IFERROR(L46/M46,0) -> 0 | O46: =SUMIFS(MainData!J:J,MainData!$A:$A,$A46) -> 0 | P46: =IF($B46=$B$4,0,IF($B46=$B$1,VLOOKUP(D46,Target_Entry!$A$8:$AF$23,5,0),IF(LO!B46=LO!$B$2,VLOOKUP(LO!D46,Target_Entry!$A$8:$AF$23,25,0),IF(LO!B46=LO!$B$3,VLOOKUP(LO!D46,Target_Entry!$A$8:$AF$23,15,0))))) -> 3 | Q46: =IFERROR(O46/P46,0) -> 0 | R46: =SUMIFS(MainData!J:J,MainData!$A:$A,$A46) -> 0 | S46: =SUMIFS(MainData!M:M,MainData!$A:$A,$A46) -> 0 | T46: =IFERROR(S46/R46,0) -> 0 | U46: =SUMIFS(MainData!L:L,MainData!$A:$A,$A46) -> 0 | V46: =IFERROR(U46/R46,0) -> 0 | W46: =SUMIFS(MainData!F:F,MainData!$A:$A,$A46) -> 73 | X46: =IF($B46=$B$2,W46/X$3,W46/X$2) -> 0.73 | Y46: =SUMIFS(MainData!H:H,MainData!$A:$A,$A46) -> 49317.607 | Z46: =IFERROR(Y46/$F46,0) -> 0.033884609 | AA46: =SUMIFS(MainData!I:I,MainData!$A:$A,$A46) -> 91983.202 | AB46: =IFERROR(AA46/$F46,0) -> 0.063198826 | AD46: =MAX(AD$5,MIN(AD$4,AD$1*(H46/(AD$2-AD$3)-(AD$3/(AD$2-AD$3))))) -> 0 | AE46: =MAX(AE$5,MIN(AE$4,AE$1*(K46/(AE$2-AE$3)-(AE$3/(AE$2-AE$3))))) -> 0 | AF46: =MAX(AF$5,MIN(AF$4,AF$1*(N46/(AF$2-AF$3)-(AF$3/(AF$2-AF$3))))) -> 0 | AG46: =MAX(AG$5,MIN(AG$4,AG$1*(Q46/(AG$2-AG$3)-(AG$3/(AG$2-AG$3))))) -> 0 | AH46: =MIN(AH$4,MAX(AH$5,AH$1-AH$1*(Z46/(AH$3-AH$2)-(AH$2/(AH$3-AH$2))))) -> 4.8346172 | AI46: =MIN(AI$4,MAX(AI$5,AI$1-AI$1*(AB46/(AI$3-AI$2)-(AI$2/(AI$3-AI$2))))) -> 21.700293 | AJ46: =MAX(AJ$5,MIN(AJ$4,AJ$1*(X46/(AJ$2-AJ$3)-(AJ$3/(AJ$2-AJ$3))))) -> 2.3 | AK46: =MAX(AK$5,MIN(AK$4,AK$1*(T46/(AK$2-AK$3)-(AK$3/(AK$2-AK$3))))) -> 0 | AL46: =MAX(AL$5,MIN(AL$4,AL$1*(V46/(AL$2-AL$3)-(AL$3/(AL$2-AL$3))))) -> 0 | AM46: =ROUND(SUM(AD46:AL46),0) -> 29 | AN46: =IF(AND(AB46<=AN$2,OR(AND(O46>=AO$3,L46>=AN$3),AND(O46>=AO$4,L46>=AN$4))),AM46,0) -> 0 | AR46: =SUM(AO46:AQ46) -> 0 | AS46: =IF(AO46>0,ROUNDUP($AO46*AS$3,0),0) -> 0 | AT46: =AR46-AS46 -> 0 | AU46: =IF(AO46>0,ROUND(AN46/$AN$1*AU$3,0),0) -> 0 | AV46: =AU46+AS46 -> 0 | AW46: =AV46-AR46 -> 0 | AX46: =IFERROR(AV46/AR46,0) -> 0 | AY46: =IF(O46<3,0,0)+IF(O46=3,300,0)+IF(O46=4,400,0)+IF(O46=5,500,0)+IF(O46=6,600,0) -> 0 | AZ46: =IF(O46<3,75)+IF(O46=3,150)+IF(O46=4,150)+IF(O46=5,150)+IF(O46>=6,200) -> 75 | BB46: =AU46-AY46 -> 0 | BC46: =VLOOKUP(A46,ImportDataWA!A$14:AG$112,33,0) -> 96.749301 | BD46: =AU46-AY46 -> 0
A47: Ali Hassan Muhy | B47: =VLOOKUP($A47,MainData!$A$4:$E$1967,2,FALSE) -> VSE | C47: =VLOOKUP($A47,MainData!$A$4:$E$1967,3,FALSE) -> Muhammad Qahtan Mindeel | D47: =VLOOKUP($A47,MainData!$A$4:$E$1967,4,FALSE) -> Hilla | E47: =VLOOKUP($A47,MainData!$A$4:$E$1967,5,FALSE) -> Mustafa Sabeeh Hadi | F47: =SUMIFS(MainData!G:G,MainData!$A:$A,$A47) -> 576839.72 | G47: =IF($B47=$B$4,0,IF($B47=$B$1,$E$1,IF($B47=$B$2,$E$2,IF($B47=$B$3,$E$3)))) -> 777777.78 | H47: =IFERROR(F47/G47,0) -> 0.74165107 | I47: =SUMIFS(MainData!F:F,MainData!$A:$A,$A47) -> 140 | J47: =IF($B47=$B$4,0,IF($B47=$B$2,ROUND(J$2/$C$2,0),IF($B47=$B$3,ROUND(J$3/$C$3,0),ROUND(J$1/$C$1,0)))) -> 889 | K47: =IFERROR(I47/J47,0) -> 0.15748031 | L47: =SUMIFS(MainData!K:K,MainData!$A:$A,$A47) -> 50757.576 | M47: =IF($B47=$B$4,0,IF($B47=$B$1,$K$1,IF($B47=$B$2,$K$2,IF($B47=$B$3,$K$3)))) -> 79545.45 | N47: =IFERROR(L47/M47,0) -> 0.63809527 | O47: =SUMIFS(MainData!J:J,MainData!$A:$A,$A47) -> 12 | P47: =IF($B47=$B$4,0,IF($B47=$B$1,VLOOKUP(D47,Target_Entry!$A$8:$AF$23,5,0),IF(LO!B47=LO!$B$2,VLOOKUP(LO!D47,Target_Entry!$A$8:$AF$23,25,0),IF(LO!B47=LO!$B$3,VLOOKUP(LO!D47,Target_Entry!$A$8:$AF$23,15,0))))) -> 8 | Q47: =IFERROR(O47/P47,0) -> 1.5 | R47: =SUMIFS(MainData!J:J,MainData!$A:$A,$A47) -> 12 | S47: =SUMIFS(MainData!M:M,MainData!$A:$A,$A47) -> 3 | T47: =IFERROR(S47/R47,0) -> 0.25 | U47: =SUMIFS(MainData!L:L,MainData!$A:$A,$A47) -> 4 | V47: =IFERROR(U47/R47,0) -> 0.33333333 | W47: =SUMIFS(MainData!F:F,MainData!$A:$A,$A47) -> 140 | X47: =IF($B47=$B$2,W47/X$3,W47/X$2) -> 0.56 | Y47: =SUMIFS(MainData!H:H,MainData!$A:$A,$A47) -> 0 | Z47: =IFERROR(Y47/$F47,0) -> 0 | AA47: =SUMIFS(MainData!I:I,MainData!$A:$A,$A47) -> 0 | AB47: =IFERROR(AA47/$F47,0) -> 0 | AD47: =MAX(AD$5,MIN(AD$4,AD$1*(H47/(AD$2-AD$3)-(AD$3/(AD$2-AD$3))))) -> 1.388369 | AE47: =MAX(AE$5,MIN(AE$4,AE$1*(K47/(AE$2-AE$3)-(AE$3/(AE$2-AE$3))))) -> 0 | AF47: =MAX(AF$5,MIN(AF$4,AF$1*(N47/(AF$2-AF$3)-(AF$3/(AF$2-AF$3))))) -> 0 | AG47: =MAX(AG$5,MIN(AG$4,AG$1*(Q47/(AG$2-AG$3)-(AG$3/(AG$2-AG$3))))) -> 0 | AH47: =MIN(AH$4,MAX(AH$5,AH$1-AH$1*(Z47/(AH$3-AH$2)-(AH$2/(AH$3-AH$2))))) -> 15 | AI47: =MIN(AI$4,MAX(AI$5,AI$1-AI$1*(AB47/(AI$3-AI$2)-(AI$2/(AI$3-AI$2))))) -> 37.5 | AJ47: =MAX(AJ$5,MIN(AJ$4,AJ$1*(X47/(AJ$2-AJ$3)-(AJ$3/(AJ$2-AJ$3))))) -> 0.6 | AK47: =MAX(AK$5,MIN(AK$4,AK$1*(T47/(AK$2-AK$3)-(AK$3/(AK$2-AK$3))))) -> 0.5 | AL47: =MAX(AL$5,MIN(AL$4,AL$1*(V47/(AL$2-AL$3)-(AL$3/(AL$2-AL$3))))) -> 5 | AM47: =ROUND(SUM(AD47:AL47),0) -> 60 | AN47: =IF(AND(AB47<=AN$2,OR(AND(O47>=AO$3,L47>=AN$3),AND(O47>=AO$4,L47>=AN$4))),AM47,0) -> 0
A48: Ali Talib Hameed | B48: =VLOOKUP($A48,MainData!$A$4:$E$1967,2,FALSE) -> VSE | C48: =VLOOKUP($A48,MainData!$A$4:$E$1967,3,FALSE) -> Muhammad Qahtan Mindeel | D48: =VLOOKUP($A48,MainData!$A$4:$E$1967,4,FALSE) -> Hilla | E48: =VLOOKUP($A48,MainData!$A$4:$E$1967,5,FALSE) -> Mustafa Sabeeh Hadi | F48: =SUMIFS(MainData!G:G,MainData!$A:$A,$A48) -> 460846.48 | G48: =IF($B48=$B$4,0,IF($B48=$B$1,$E$1,IF($B48=$B$2,$E$2,IF($B48=$B$3,$E$3)))) -> 777777.78 | H48: =IFERROR(F48/G48,0) -> 0.5925169 | I48: =SUMIFS(MainData!F:F,MainData!$A:$A,$A48) -> 117 | J48: =IF($B48=$B$4,0,IF($B48=$B$2,ROUND(J$2/$C$2,0),IF($B48=$B$3,ROUND(J$3/$C$3,0),ROUND(J$1/$C$1,0)))) -> 889 | K48: =IFERROR(I48/J48,0) -> 0.13160855 | L48: =SUMIFS(MainData!K:K,MainData!$A:$A,$A48) -> 21212.121 | M48: =IF($B48=$B$4,0,IF($B48=$B$1,$K$1,IF($B48=$B$2,$K$2,IF($B48=$B$3,$K$3)))) -> 79545.45 | N48: =IFERROR(L48/M48,0) -> 0.26666668 | O48: =SUMIFS(MainData!J:J,MainData!$A:$A,$A48) -> 3 | P48: =IF($B48=$B$4,0,IF($B48=$B$1,VLOOKUP(D48,Target_Entry!$A$8:$AF$23,5,0),IF(LO!B48=LO!$B$2,VLOOKUP(LO!D48,Target_Entry!$A$8:$AF$23,25,0),IF(LO!B48=LO!$B$3,VLOOKUP(LO!D48,Target_Entry!$A$8:$AF$23,15,0))))) -> 8 | Q48: =IFERROR(O48/P48,0) -> 0.375 | R48: =SUMIFS(MainData!J:J,MainData!$A:$A,$A48) -> 3 | S48: =SUMIFS(MainData!M:M,MainData!$A:$A,$A48) -> 2 | T48: =IFERROR(S48/R48,0) -> 0.66666667 | U48: =SUMIFS(MainData!L:L,MainData!$A:$A,$A48) -> 1 | V48: =IFERROR(U48/R48,0) -> 0.33333333 | W48: =SUMIFS(MainData!F:F,MainData!$A:$A,$A48) -> 117 | X48: =IF($B48=$B$2,W48/X$3,W48/X$2) -> 0.468 | Y48: =SUMIFS(MainData!H:H,MainData!$A:$A,$A48) -> 1003.5998 | Z48: =IFERROR(Y48/$F48,0) -> 0.0021777313 | AA48: =SUMIFS(MainData!I:I,MainData!$A:$A,$A48) -> 22547.714 | AB48: =IFERROR(AA48/$F48,0) -> 0.048926736 | AD48: =MAX(AD$5,MIN(AD$4,AD$1*(H48/(AD$2-AD$3)-(AD$3/(AD$2-AD$3))))) -> 0 | AE48: =MAX(AE$5,MIN(AE$4,AE$1*(K48/(AE$2-AE$3)-(AE$3/(AE$2-AE$3))))) -> 0 | AF48: =MAX(AF$5,MIN(AF$4,AF$1*(N48/(AF$2-AF$3)-(AF$3/(AF$2-AF$3))))) -> 0 | AG48: =MAX(AG$5,MIN(AG$4,AG$1*(Q48/(AG$2-AG$3)-(AG$3/(AG$2-AG$3))))) -> 0 | AH48: =MIN(AH$4,MAX(AH$5,AH$1-AH$1*(Z48/(AH$3-AH$2)-(AH$2/(AH$3-AH$2))))) -> 14.346681 | AI48: =MIN(AI$4,MAX(AI$5,AI$1-AI$1*(AB48/(AI$3-AI$2)-(AI$2/(AI$3-AI$2))))) -> 25.268316 | AJ48: =MAX(AJ$5,MIN(AJ$4,AJ$1*(X48/(AJ$2-AJ$3)-(AJ$3/(AJ$2-AJ$3))))) -> 0 | AK48: =MAX(AK$5,MIN(AK$4,AK$1*(T48/(AK$2-AK$3)-(AK$3/(AK$2-AK$3))))) -> 4.6666667 | AL48: =MAX(AL$5,MIN(AL$4,AL$1*(V48/(AL$2-AL$3)-(AL$3/(AL$2-AL$3))))) -> 5 | AM48: =ROUND(SUM(AD48:AL48),0) -> 49 | AN48: =IF(AND(AB48<=AN$2,OR(AND(O48>=AO$3,L48>=AN$3),AND(O48>=AO$4,L48>=AN$4))),AM48,0) -> 0 | AO48: 834 | AP48: 0 | AQ48: 0 | AR48: =SUM(AO48:AQ48) -> 834 | AS48: =IF(AO48>0,ROUNDUP($AO48*AS$3,0),0) -> 668 | AT48: =AR48-AS48 -> 166 | AU48: =IF(AO48>0,ROUND(AN48/$AN$1*AU$3,0),0) -> 0 | AV48: =AU48+AS48 -> 668 | AW48: =AV48-AR48 -> -166 | AX48: =IFERROR(AV48/AR48,0) -> 0.80095923 | AY48: =AU48 -> 0 | AZ48: =IF(O48<18,IF(AND(I48>0,I48<=60),60,IF(AND(I48>60,I48<=120),70,IF(AND(I48>120,I48<=200),80,IF(I48>200,90,0)))),IF(O48>=18,IF(AND(I48>0,I48<=60),70,IF(AND(I48>60,I48<=120),80,IF(AND(I48>120,I48<=200),90,100))))) -> 70 | BB48: =AU48-AY48 -> 0 | BC48: =VLOOKUP(A48,ImportDataWA!A$14:AG$112,33,0) -> 95.963832 | BD48: =AU48-AY48 -> 0
